video_id,title,thumbnail_path,label
lepHJI4ze-w,I Bought 250 BANNED Amazon Products!,thumbnails/lepHJI4ze-w.jpg,1
ezwXAlJ5pAY,TikTok Wigofellas PRANKS on MOM - Wigofellas PRANKS on Girlfriend - Wigofellas TikTok PRANKS DAY 156,thumbnails/ezwXAlJ5pAY.jpg,1
i6_OomloWUg,TikTok Wigofellas PRANKS on MOM - Wigofellas PRANKS on Girlfriend - Wigofellas TikTok PRANKS DAY 185,thumbnails/i6_OomloWUg.jpg,1
VvuuR7HifUY,Superheroes in Real Life Caught On Camera !,thumbnails/VvuuR7HifUY.jpg,1
uwIjrEbywnk,20 People You Won't Believe Existed Till You See Them,thumbnails/uwIjrEbywnk.jpg,1
RLkdkdQI-ZU,Best 22 SCIENCE EXPERIMENTS Compilation from VisioNil,thumbnails/RLkdkdQI-ZU.jpg,1
7g9xcCMdwns,Spider-Man Rated-R,thumbnails/7g9xcCMdwns.jpg,1
rSXyLqvlUA0,"If You Build It, I'll Buy It!",thumbnails/rSXyLqvlUA0.jpg,1
yjex6KjvJ4M,Funniest Moments in Women's Football,thumbnails/yjex6KjvJ4M.jpg,1
rgBVLnBSgHs,Full stop punctuation,thumbnails/rgBVLnBSgHs.jpg,1
XGPex66EyTU,BREAKING 100 RULES IN 24 HOURS!!,thumbnails/XGPex66EyTU.jpg,1
Ls5yMv96vXo,I Was MURDERED…,thumbnails/Ls5yMv96vXo.jpg,1
6E7nxP3iD4c,I Became the World's Worst Babysitter! (w/ Salish Matter),thumbnails/6E7nxP3iD4c.jpg,1
IGS04NYSG0c,हॉट बनाम कोल्ड फूड चैलेंज | पागल चुनौती BaRaDa Challenge,thumbnails/IGS04NYSG0c.jpg,1
fAbrKxrq9pw,सबसे बड़ा Kinder Joy | World's Biggest Kinder Joy | Hindi Comedy | Pakau TV Channel,thumbnails/fAbrKxrq9pw.jpg,1
dqYOg04QwfI,Umesh's Unexpected Accident *What Went Wrong?*,thumbnails/dqYOg04QwfI.jpg,1
SToocHIhCN4,I EXPOSED The World’s Most EVIL Teacher!,thumbnails/SToocHIhCN4.jpg,1
t5mjLoStmFU,Me VS World's Most EVIL Kids!!,thumbnails/t5mjLoStmFU.jpg,1
kKj0yzRyOpg,Exposing The World's Most EVIL Kids,thumbnails/kKj0yzRyOpg.jpg,1
aVkG59wJKec,Must Watch Very Special New Funny Video 2023 😎 Funny Video Wala Comedy Video Epi 147 By Bidik Fun Tv,thumbnails/aVkG59wJKec.jpg,1
mHddP1CDTQ0,"Very Special Must Watch New Funny Comedy Video 2024,Amazing Comedy Video 2024 Ep-255 By#myfamily",thumbnails/mHddP1CDTQ0.jpg,1
iV1kP5ERQvE,Try Not To Laugh | Women's Football,thumbnails/iV1kP5ERQvE.jpg,1
h2pe4zpWXT4,Bad Parking Revenges Caught On Camera !,thumbnails/h2pe4zpWXT4.jpg,1
Y4id5tlTYsY,Try Not To Laugh At These Funny Moments in Sports...,thumbnails/Y4id5tlTYsY.jpg,1
Lra2N5CsyDA,When Animals Messed With The Wrong Opponent !,thumbnails/Lra2N5CsyDA.jpg,1
7Tuhg0tyzT4,30 Times Animals Messed With The Wrong Opponent !,thumbnails/7Tuhg0tyzT4.jpg,1
-V1Z5tJzktY,When Animals Go On A Rampage And Got Caught On Camera!,thumbnails/-V1Z5tJzktY.jpg,1
eVvjsXjeiB4,World’s Dumbest Criminals…,thumbnails/eVvjsXjeiB4.jpg,1
4KjapCzpWQg,0 IQ Moments...,thumbnails/4KjapCzpWQg.jpg,1
Q19ddpjmbwY,Impossible 0.0000001% Moments...,thumbnails/Q19ddpjmbwY.jpg,1
81v7fgp3Two,People With Superpowers Caught On Camera…,thumbnails/81v7fgp3Two.jpg,1
rah4QI41Lgg,People With Superpowers Caught On Camera,thumbnails/rah4QI41Lgg.jpg,1
efXOrthfd2U,Satisfying Videos Of Workers Doing Their Job Perfectly | Best Moments,thumbnails/efXOrthfd2U.jpg,1
kNZpnFo20Sk,0% Respect Moments in Football,thumbnails/kNZpnFo20Sk.jpg,1
MVjD3CVlRDs,"Funny Videos Of The Year, Try Not To Laugh, Best Memes Compilation",thumbnails/MVjD3CVlRDs.jpg,1
SH8SDdxstco,This will 99% make you laugh,thumbnails/SH8SDdxstco.jpg,1
HXDLxqSh52M,People Who Are At Another Level | Amazing Skills And Talent !,thumbnails/HXDLxqSh52M.jpg,1
uKpEcfPjy1I,🙀 Funniest Dogs and Cats 😍🤣 Funny Animal Videos 😅,thumbnails/uKpEcfPjy1I.jpg,1
-zAUGYmJaEI,𝐘𝐨𝐮 𝐋𝐚𝐮𝐠𝐡 𝐘𝐨𝐮 𝐋𝐨𝐬𝐞 🐱🐷😻 𝐅𝐮𝐧𝐧𝐢𝐞𝐬𝐭 𝐃𝐨𝐠𝐬 𝐚𝐧𝐝 𝐂𝐚𝐭𝐬 𝟐𝟎𝟐𝟒 😸,thumbnails/-zAUGYmJaEI.jpg,1
swadfg2DtYo,When Fans Go Too Far...,thumbnails/swadfg2DtYo.jpg,1
n32O01tUyvo,0% Sportsmanship Moments,thumbnails/n32O01tUyvo.jpg,1
qUL0EyCRAgM,When Everything Goes Wrong This Month😂,thumbnails/qUL0EyCRAgM.jpg,1
RDuwKsaI56w,😂 Cười Sảng Khoái Với Những Khoảnh Khắc Vui Nhộn Hài Hước Và Lầy Lội Nhất P22,thumbnails/RDuwKsaI56w.jpg,1
dik8ItxhfgE,"Funny Videos Of The Year Compilation, Try Not To Laugh, Best Memes",thumbnails/dik8ItxhfgE.jpg,1
KWGE8_7Cj7Q,Crazy IDIOTS IN TRUCKS & CARS FAILS CAUGHT ON CAMERA,thumbnails/KWGE8_7Cj7Q.jpg,1
OX5d5IaoDn4,Comedy Moments in Football 😂,thumbnails/OX5d5IaoDn4.jpg,1
buvIEPekwoc,100% Funny Moments in Football,thumbnails/buvIEPekwoc.jpg,1
WFIKtJ3nXyQ,Life Could Be A Dream 2,thumbnails/WFIKtJ3nXyQ.jpg,1
EWzj9rErGQI,40 MOMENTS YOU WOULDN'T BELIEVE IF NOT FILMED,thumbnails/EWzj9rErGQI.jpg,1
jPvt-ap8Jbc,15 Moments You Wouldn’t Believe If Not Filmed,thumbnails/jPvt-ap8Jbc.jpg,1
WA0BqYkg21w,10 million big black guys 🍆🍑,thumbnails/WA0BqYkg21w.jpg,1
DtYACSW-QHA,TikTok Wigofellas PRANKS on MOM - Wigofellas PRANKS on Girlfriend - Wigofellas TikTok PRANKS DAY 135,thumbnails/DtYACSW-QHA.jpg,1
mpedtsJBHgw,12 MISTAKES You Didn't Notice in the MINIONS Movies!,thumbnails/mpedtsJBHgw.jpg,1
FmRdmBKmJd4,I Tried Stuntman Training for a Day!,thumbnails/FmRdmBKmJd4.jpg,1
jUpknoy-DKc,CRAZIEST Sagawa1gou Funny TikTok Compilation | Try Not To Laugh Watching Cactus Dance Challenge 2024,thumbnails/jUpknoy-DKc.jpg,1
6ujHuYFkaHY,99% LOSE 😂 Try not to laugh 🤣 Funniest cats and dogs 2024 😅,thumbnails/6ujHuYFkaHY.jpg,1
MnGCjmcUp6c,Idiots Across the Globe! Funniest Fails on Earth,thumbnails/MnGCjmcUp6c.jpg,1
75QGZqOZxfg,Try Not To Say WOW Challenge! Satisfying Video that Relaxes You Before Sleep #55,thumbnails/75QGZqOZxfg.jpg,1
EO4FPY0TtXw,Satisfying Videos Of Workers Doing Their Job Perfectly | Best Moments First Half of 2024,thumbnails/EO4FPY0TtXw.jpg,1
fsWXfXrLG6w,Moments You Must See to Believe,thumbnails/fsWXfXrLG6w.jpg,1
fDANmSPL4Js,The Biggest Marine Reptile Ever (Was Found By An 11 Year Old),thumbnails/fDANmSPL4Js.jpg,1
2Juw9LKRMNo,Amazing New Inventions That Are At Another Level,thumbnails/2Juw9LKRMNo.jpg,1
r1ExfbrDaXk,Ingenious Inventions That Everyone Should See,thumbnails/r1ExfbrDaXk.jpg,1
_z8RDEOeSl4,Worlds Luckiest People...,thumbnails/_z8RDEOeSl4.jpg,1
-z45Vd9slWw,World’s Most Amazing Skills And Talent EVER !,thumbnails/-z45Vd9slWw.jpg,1
gMwFf1euJ0E,Top10 Colossal Fruits and Vegetables! The First One is Heavier Than a Car,thumbnails/gMwFf1euJ0E.jpg,1
6IL555Cfvug,Luckiest People Ever Caught on Camera - Best of 2024 !,thumbnails/6IL555Cfvug.jpg,1
x4fF7lMFdiQ,10 Mysterious Moving Statues Science Can't Explain!,thumbnails/x4fF7lMFdiQ.jpg,1
X-88Rn8JRHs,TikTok Wigofellas PRANKS on MOM - Wigofellas PRANKS on Girlfriend - Wigofellas TikTok PRANKS DAY 90,thumbnails/X-88Rn8JRHs.jpg,1
eiKNcRAyAEE,Amazing Science Experiments to Try at Home,thumbnails/eiKNcRAyAEE.jpg,1
DJxP_R_6d4E,7 Crazy Science Activities & Experiments That Will Blow Your Mind,thumbnails/DJxP_R_6d4E.jpg,1
UYFXDUGsZmk,Nastya and funny Collection of New Stories for Kids,thumbnails/UYFXDUGsZmk.jpg,1
lWE0fXAVFXM,100+ BEST PARENTING HACKS | Easy Life Hacks For Genius Parents,thumbnails/lWE0fXAVFXM.jpg,1
ssu3MJkD5tk,Fun and Fabulous Girly School Hacks & Crafts to Elevate Your Style and Studies! 🎀✨,thumbnails/ssu3MJkD5tk.jpg,1
2_nA-sz7pyk,Five Kids Grandfather teaches baby Alex not to be lazy and other funny videos,thumbnails/2_nA-sz7pyk.jpg,1
HMbDPgINfto,BRILLIANT LIFE HACKS FOR ANY SITUATION,thumbnails/HMbDPgINfto.jpg,1
tJyXy7qQvGw,PARENTING TIPS AND TASTY RECIPES FOR SMART MOMS,thumbnails/tJyXy7qQvGw.jpg,1
bIiG-Y-BCNU,IF OBJECTS WERE PEOPLE || Useful Everyday Hacks,thumbnails/bIiG-Y-BCNU.jpg,1
oBtOZlaBNEc,We Hid From My Dad For 24 Hours!,thumbnails/oBtOZlaBNEc.jpg,1
gnSI8oD11us,full stop punctuation.,thumbnails/gnSI8oD11us.jpg,1
3Xl9OVjFK6c,Full Stop Punctuation,thumbnails/3Xl9OVjFK6c.jpg,1
Al3WyMnwTpE,full stop punctuation,thumbnails/Al3WyMnwTpE.jpg,1
pwZhv4YYFg0,Full Stop Punctuation,thumbnails/pwZhv4YYFg0.jpg,1
6ChWUGU7TFM,Full stop punctuation,thumbnails/6ChWUGU7TFM.jpg,1
Lhy4Kmcv-ro,Amitabh Bhacchan CLASHES Wid Rekha In Front Of Wife Jaya Bachhan @Ambani's Ganesh Celebration,thumbnails/Lhy4Kmcv-ro.jpg,1
xSQ8cZE27-Y,Amitabh Bachchan Broke Silence on Bahu Aishwarya Separation From Abhishek Bachchan,thumbnails/xSQ8cZE27-Y.jpg,1
H9OiyUQiJpw,Amitabh Bachchan Health Update after Seriously Injured at Shoot,thumbnails/H9OiyUQiJpw.jpg,1
SLuVmCdjp8w,Amitabh Bachchan SHOUTS At Aishwarya Rai For Misbehaving! | LehrenTV,thumbnails/SLuVmCdjp8w.jpg,1
ZdzvGvPurRo,WHY ? Rishi Kapoor Angry On Wife Neetu kapoor,thumbnails/ZdzvGvPurRo.jpg,1
GphDte8cJJ0,Alia Bhatt ANGRY Moment with Ranbir Kapoor At Animal Movie Screening,thumbnails/GphDte8cJJ0.jpg,1
I2hCNwZ7Jbw,Sania Mirza Wedding With Shami? | Wedding Latest Update | Post Went Viral | Breaking News,thumbnails/I2hCNwZ7Jbw.jpg,1
bBj8H3EnTAM,Shoaib Malik Emotional Talk About His Son After Divorce From Sania Mirza | Shoaib Sana Wedding,thumbnails/bBj8H3EnTAM.jpg,1
RvJP7JbMW9I,Babar Azam Ka Aliya Riaz ki Shadi per Pak Women cricket Captain Nida Dar se Mzak,thumbnails/RvJP7JbMW9I.jpg,1
31pKxRdgAgQ,Babar Azam Romantic Moment With Cricketer Nida Dar At Aliya Riaz Wedding Ceremony | Urdu Facts HD,thumbnails/31pKxRdgAgQ.jpg,1
okqEpX07e3g,When Interviews Go Terribly Wrong...,thumbnails/okqEpX07e3g.jpg,1
hc42BgAB9Jg,SECRET Tattoo Meanings of Football Players,thumbnails/hc42BgAB9Jg.jpg,1
bJ5PTkdH-20,How Football Players Got Their Jersey Number,thumbnails/bJ5PTkdH-20.jpg,1
4CF3uZV0RJU,6 Things FORBIDDEN to Ronaldo JR / Football,thumbnails/4CF3uZV0RJU.jpg,1
zghRo5NMvZE,10 Items Messi Owns That Cost More Than Your Life,thumbnails/zghRo5NMvZE.jpg,1
gt_jiSsQQno,The Day Cristiano Ronaldo HUMILIATED Kim Jong Un and North Korea,thumbnails/gt_jiSsQQno.jpg,1
Pv0iVoSZzN8,In 10 Minutes This Room Will Explode!,thumbnails/Pv0iVoSZzN8.jpg,1
Vl3swga-Xrk,"Would You Rather Have A Giant Diamond or $100,000?",thumbnails/Vl3swga-Xrk.jpg,1
2_nCluvm-9A,10 Items Ronaldo Owns That Cost More Than Your Life,thumbnails/2_nCluvm-9A.jpg,1
h8poH5sn1eQ,"Stree 2 Full Movie | Shraddha Kapoor, Rajkummar Rao, Pankaj Tripathi, Abhishek | Facts and Details",thumbnails/h8poH5sn1eQ.jpg,1
y4zpJOW8OSI,Russian Military Assault Rifles,thumbnails/y4zpJOW8OSI.jpg,1
NtUqKrU8cwU,Alia Bhatt ANGRY Reacti0n on Varun Dhawan for his Cl0seness with Sonakshi during Kalank Shoot,thumbnails/NtUqKrU8cwU.jpg,1
0k1SPmGrFoU,Very Special Trending Funny Comedy Video 2023😂Amazing Comedy Video 2023 Episode 46 By #Dingdong,thumbnails/0k1SPmGrFoU.jpg,1
3bh7xtbbKKQ,"Kajol Daughter Nysa With  SRK Family Aryan, Gori Khan At Nita Ambani Lanch By The Great Indian Music",thumbnails/3bh7xtbbKKQ.jpg,1
QJppvse1ZVU,Alia Bhatt Trolled For Copying Husband Ranbir's Ex GF Deepika Padukone,thumbnails/QJppvse1ZVU.jpg,1
lp_26Ec4I1I,Alia Bhatt's Expensive Wedding Gift From Her Husband Ranbir Kapoor,thumbnails/lp_26Ec4I1I.jpg,1
6bj6DHKGtTE,"Alia Bhatt Lifestyle 2022, Income, Family, Husband, Biography, G.T. Films",thumbnails/6bj6DHKGtTE.jpg,1
eC0dUSDgUgk,Kareena Kapoor got emotional after Taimur Ali Khan got Hospitalized!,thumbnails/eC0dUSDgUgk.jpg,1
uwiKbZh4HNc,HEROIC ACTION! Ukrainian F-16 Squadron destroys Kursk Bridge as Russian troops cross,thumbnails/uwiKbZh4HNc.jpg,1
J6RveRkUNXA,"13 minutes ago, a US F-35 fighter jet dropped a 9-ton bomb on the Crimean bridge",thumbnails/J6RveRkUNXA.jpg,1
Bf6iV3Wtl4I,"Why Bella Hadid Felt Like The ""Ugly"" Sister Growing Up",thumbnails/Bf6iV3Wtl4I.jpg,1
l4QAMRJPBI0,Hiba Bukhari husband reaction on her viral secne of jaan nisar,thumbnails/l4QAMRJPBI0.jpg,1
7JZCmVjBAEg,Krrish 4 | Concept Trailer | Hrithik | Nora Fatehi | Priyanka Chopra | Rakesh Roshan | 2025,thumbnails/7JZCmVjBAEg.jpg,1
pubcUVtYpY4,Krrish 4 full movie | Hrithik Roshan |Priyanka Chopra|Super hit movie||,thumbnails/pubcUVtYpY4.jpg,1
HiUjyvW5gX4,Why Sania Mirza Apologized? | Former Indian Tennis Player Emotional Statement | Breaking News,thumbnails/HiUjyvW5gX4.jpg,1
qL3dj-KRAys,Shoaib Malik and Sana Javed Wedding - Sania Mirza Divorce | Sana and Shoaib Malik Marriage Latest,thumbnails/qL3dj-KRAys.jpg,1
sDpdv-SRlaE,Sana Javed vs Sania Mirza Live Show Fight After Shoaib Malik Video With Sana Got Viral | WCL 2024,thumbnails/sDpdv-SRlaE.jpg,1
LvZ9BJA8C0c,Earthquake In Taiwan News Today | Earthquake Of Magnitude Hits Taiwan | Taiwan News Today | N18G,thumbnails/LvZ9BJA8C0c.jpg,1
23svmUzGXI4,🌊 The biggest TSUNAMIS in History 🌊 3D Comparison,thumbnails/23svmUzGXI4.jpg,1
NniHBZVshyY,"Just now! A 7.4 magnitude earthquake rocks Kamchatka, Russia!",thumbnails/NniHBZVshyY.jpg,1
Q5-SbEYDO34,Monkeypox alert issued in Pakistan | Doctor Naseem Akhtar gives horrible News | Red Line | Samaa TV,thumbnails/Q5-SbEYDO34.jpg,1
iNsWjYpXOzw,Monkeypox virus in Pakistan | Govt Strict Action | Lockdown? | Dunya News,thumbnails/iNsWjYpXOzw.jpg,1
XNiVcuJoBgQ,Mpox Virus Spreading in Pakistan | WHO issued Warning | Breaking News,thumbnails/XNiVcuJoBgQ.jpg,1
RXsnOeKRMWA,hania amir and Babar Azam love story | hania amir fail in love with Babar Azam | faheem sportz,thumbnails/RXsnOeKRMWA.jpg,1
T5CiiQaWUag,Babar Azam Ki Dulhan Kon? Showtime With Ramiz Raja | EP 21 | Digitally Powered by ZeeraPlus,thumbnails/T5CiiQaWUag.jpg,1
MVy5RKojkeg,"Abdullah Shafique Lifestyle 2021 | Biography, Age, Cricket Career, Psl,Family,  House|Biography Shop",thumbnails/MVy5RKojkeg.jpg,1
O9uthfOIejE,Abdullah Shafique Lifestyle 2024 | Family | Age | Wife | Life Story | Abdullah Shafique Biography,thumbnails/O9uthfOIejE.jpg,1
odMRrTkobOQ,Dr Zakir Naik vs Kapil Sharma || Zakir Naik Reply to Kapil Sharma 2022 Hindi,thumbnails/odMRrTkobOQ.jpg,1
aRUinTY9odw,Watch : Shakib al hasan on V Sehwag | Shakib Saying who is Sehwag to Reporter,thumbnails/aRUinTY9odw.jpg,1
MLziFdIHp2U,"Sakib Al Hasan brutally said ""Who is Virender Sehwag"" in Press Conference Today | Sakib on Sehwag",thumbnails/MLziFdIHp2U.jpg,1
dTnzxIJMWu4,BREAKİNG NEWS | Bangladeshi Player all-rounder Shakib Al Hasan has been arrested,thumbnails/dTnzxIJMWu4.jpg,1
ysAcIS4eiZo,Watch : Shakib Al Hasan News Today | Shakib Al Hasan Response on Allegations on him,thumbnails/ysAcIS4eiZo.jpg,1
clLom3M4hnQ,Dhawan gets Emotonal 😭 Shikhar Dhawan out today on 97 #shikhardhawan 1st ODI india vs West Indies,thumbnails/clLom3M4hnQ.jpg,1
V8aSo2sQ13E,RIP😭 Sad News About Celebrity Kid Ahmed Shah #ahmedshah #waseembadami,thumbnails/V8aSo2sQ13E.jpg,1
3awRSNFHV1s,Stupidly Expensive Things Ronaldo Junior Owns!,thumbnails/3awRSNFHV1s.jpg,1
KwhX61M7EkU,MESSI vs RONALDO / TOP 5 GOALS CRISTIANO RONALDO and  LIONEL MESSI,thumbnails/KwhX61M7EkU.jpg,1
8vXabW4z3yY,Ronaldo Crazy Reaction after Al Nassr lost 4-1 against Al Hilal 😳,thumbnails/8vXabW4z3yY.jpg,1
JCAzRtrM4dE,0% Sportsmanship in Football,thumbnails/JCAzRtrM4dE.jpg,1
4988AkcIooE,COMEDY moments in Football,thumbnails/4988AkcIooE.jpg,1
i96Tc2HjSXU,7 Football Tricks That Have Been BANNED From Football,thumbnails/i96Tc2HjSXU.jpg,1
ErXhQGf4ijU,10 Things You Didn't Know About Lionel Messi,thumbnails/ErXhQGf4ijU.jpg,1
J-x4ia69YEQ,Curses That RUINED Football Careers,thumbnails/J-x4ia69YEQ.jpg,1
L_q-2Ov2Gnw,Times Lionel Messi SHOCKED THE WORLD,thumbnails/L_q-2Ov2Gnw.jpg,1
Tw8fBZt66P0,Kids On Another Level! (INCREDIBLE),thumbnails/Tw8fBZt66P0.jpg,1
YaY5V9TCO0A,Kids On Another Level!,thumbnails/YaY5V9TCO0A.jpg,1
ut-1yFa6WYo,Kids Getting Caught! (Funny),thumbnails/ut-1yFa6WYo.jpg,1
Fonk0QN6JSw,What happened to this Man at the Depths of the Ocean Shocked the Whole World!,thumbnails/Fonk0QN6JSw.jpg,1
hivKxdUky0I,Flight Passenger Catches What No One Was Supposed To See,thumbnails/hivKxdUky0I.jpg,1
eipNTctRQfY,Full Stop Punctuation,thumbnails/eipNTctRQfY.jpg,1
qMmUfvFdFcI,Full stop punctuation,thumbnails/qMmUfvFdFcI.jpg,1
X3xwFsiAyM4,Full stop punctuation,thumbnails/X3xwFsiAyM4.jpg,1
2jb1CBqFE1A,Disrespectful Moments in Football,thumbnails/2jb1CBqFE1A.jpg,1
PxY5bAB9-gk,10 Things Mbappé Wanted To Keep Secret,thumbnails/PxY5bAB9-gk.jpg,1
qQ6YsKRX6cE,10 Things You Didn't Know About Erling Haaland,thumbnails/qQ6YsKRX6cE.jpg,1
L85TZYbbqJE,15 Times Footballers Were Caught Cheating,thumbnails/L85TZYbbqJE.jpg,1
MY46FJ-6OIU,10 Times Messi EMBARRASSED His Opponents,thumbnails/MY46FJ-6OIU.jpg,1
VAU3omfnemA,How Football Players Got Their Jersey Number,thumbnails/VAU3omfnemA.jpg,1
K-vFXJfCes8,10 Things You Didn't Know About Ronaldo,thumbnails/K-vFXJfCes8.jpg,1
gS8vaaq99sU,A Day In The Life Of Ronaldo Junior!,thumbnails/gS8vaaq99sU.jpg,1
uBg_ssHE05M,Ronaldo's 5 BAD HABITS! / Football,thumbnails/uBg_ssHE05M.jpg,1
Va82x6Rl0UE,Ronaldo JR's New SECRET Girlfriend / Football,thumbnails/Va82x6Rl0UE.jpg,1
5iGwuh0MoRc,Ronaldo Junior's 14th BIRTHDAY was Celebrated Incredibly EXPENSIVE / Football,thumbnails/5iGwuh0MoRc.jpg,1
7imL79i3xGg,The SECRETS Ronaldo KEPS from his CHILDEREN / Football,thumbnails/7imL79i3xGg.jpg,1
xlPQvVJf6tM,9 Facts You Didn't Know About RONALDO JR / Football,thumbnails/xlPQvVJf6tM.jpg,1
I9FmEwJocRw,8 Moments When Ronaldo JR CRIED / Football,thumbnails/I9FmEwJocRw.jpg,1
ucYapk8sf-o,JUST NOW: Postecoglou FURIOUS as Bissouma BANNED From the Premier League,thumbnails/ucYapk8sf-o.jpg,1
dsx_-cG4QAo,20 Most DANGEROUS Fouls in Football..,thumbnails/dsx_-cG4QAo.jpg,1
Evy4iMkIBek,10 DIRTIEST Players in Football History..,thumbnails/Evy4iMkIBek.jpg,1
7tiWinlNTvU,20 DUMBEST Moments in Football History,thumbnails/7tiWinlNTvU.jpg,1
JajSdaNFfic,Football Players CAUGHT CHEATING..,thumbnails/JajSdaNFfic.jpg,1
qMpUX0q64J4,20 WILDEST Moments in Football History..,thumbnails/qMpUX0q64J4.jpg,1
Lt_AZDkzbxc,Rare Moments of Referees,thumbnails/Lt_AZDkzbxc.jpg,1
cEW9FN8ku3k,Penalties You Have To See To Believe,thumbnails/cEW9FN8ku3k.jpg,1
HQigNm2tPNU,99.8% of Fans Didn't See These,thumbnails/HQigNm2tPNU.jpg,1
4N_ZVPVLlc0,Legendary Red Cards in Football,thumbnails/4N_ZVPVLlc0.jpg,1
o7qPt6O_CXM,Most Respectful Moments in Football,thumbnails/o7qPt6O_CXM.jpg,1
yhEovTipDDI,100% Bizzarre Moments in Football,thumbnails/yhEovTipDDI.jpg,1
AHUA01NAlVQ,Football Hidden Chats You Definitely Missed!,thumbnails/AHUA01NAlVQ.jpg,1
nhFkzrA05-w,Craziest Football Chats You Must See!,thumbnails/nhFkzrA05-w.jpg,1
CLuxJFKTn28,%100 Weird Football,thumbnails/CLuxJFKTn28.jpg,1
d2vPntIrut8,Shocking Football Chats That You Missed #2,thumbnails/d2vPntIrut8.jpg,1
0MsORGZfeK0,Hyped Reactions In Football,thumbnails/0MsORGZfeK0.jpg,1
lQ9PhJWeBGs,Football Hidden Chats You Must See!,thumbnails/lQ9PhJWeBGs.jpg,1
oVQ3YyvtNOA,"0% FOOTBALL, 100% BIZARRE",thumbnails/oVQ3YyvtNOA.jpg,1
_mvPu1URo0A,When Football Chats Go Too Far...,thumbnails/_mvPu1URo0A.jpg,1
OTO52ioghfA,Funniest Moments in Football,thumbnails/OTO52ioghfA.jpg,1
lrh_p4Xfbpk,Strange Moments in Football,thumbnails/lrh_p4Xfbpk.jpg,1
ZmcaOfjLauI,Funniest Moments In Football,thumbnails/ZmcaOfjLauI.jpg,1
pTKWuGTkISc,When Karens ACTUALLY Mess With The Wrong Employee.. (INSTANT KARMA),thumbnails/pTKWuGTkISc.jpg,1
7PCgHh4tCow,Karen Messes With The Wrong PERSON.. (BIG MISTAKE),thumbnails/7PCgHh4tCow.jpg,1
BVR97GfGVCc,One In A Billion Moments Filmed On Camera,thumbnails/BVR97GfGVCc.jpg,1
AVgcrgEgG5U,Idiots At Work Got Instant Karma Caught On Camera,thumbnails/AVgcrgEgG5U.jpg,1
3ujQVQxpYKA,Moments When Things Went Wrong !,thumbnails/3ujQVQxpYKA.jpg,1
xH00dGYaxZk,Momentos_divertidos_en_el_Fútbol,thumbnails/xH00dGYaxZk.jpg,1
ZY6MjMNdCTw,Jugadas MAS INGENIOSAS en el futbol,thumbnails/ZY6MjMNdCTw.jpg,1
tYeuSU2m4DQ,Moments No One Has Seen In Football,thumbnails/tYeuSU2m4DQ.jpg,1
2rtHT0jlT2M,This Will 100% Make You Laugh 😂,thumbnails/2rtHT0jlT2M.jpg,1
ZNIECWN-_gE,Most DANGEROUS Fouls in Football,thumbnails/ZNIECWN-_gE.jpg,1
PYpkOI2W_kE,Perfect Moments In Football,thumbnails/PYpkOI2W_kE.jpg,1
PKtNvlRDq6U,فيديوهات مضحكة جدا 🤣 _ مواقف تموت من الضحك 🤣 _ افضل مقاطع مضحكة جدا 🤣 _ تحدي الضحك 🤣🤣 2023 #1,thumbnails/PKtNvlRDq6U.jpg,1
X70IFsHWclU,فيديوهات كرة قدم مضحكة ⚽🤣🔥 2024  #8,thumbnails/X70IFsHWclU.jpg,1
aBg_TatKt5g,فيديوهات كرة قدم مضحكة 2024 🔥🤣 #4,thumbnails/aBg_TatKt5g.jpg,1
0GTiwWHYMlQ,فيديوهات مضحكة جدا 🤣 | مواقف تموت من الضحك 🤣 | هتنسي همومك وهدمع من شدة الضحك 🔥🤣 | Funny videos 2023,thumbnails/0GTiwWHYMlQ.jpg,1
yL7rpPPXTSI,فيديوهات مضحكة جدا 🤣 _ مواقف تموت من الضحك 🤣 _ افضل مقاطع مضحكة جدا 🤣 _ تحدي الضحك 🤣🤣 2023 #2,thumbnails/yL7rpPPXTSI.jpg,1
Jeb0d18y08M,فيديوهات كرة قدم مضحكة ⚽🤣🔥 2024  #19,thumbnails/Jeb0d18y08M.jpg,1
By336LXE41g,Moments Before Disaster...,thumbnails/By336LXE41g.jpg,1
SYdXwo-Oq0E,Dumbest Criminals Caught On Camera,thumbnails/SYdXwo-Oq0E.jpg,1
wvDgf34smJA,These People Are At Another Level,thumbnails/wvDgf34smJA.jpg,1
ctn_4QKc6g0,Dumbest Ways Athletes Were Caught Cheating...,thumbnails/ctn_4QKc6g0.jpg,1
mUHVTdQctCc,For all other Injuries...😂,thumbnails/mUHVTdQctCc.jpg,1
QPC2hMWY7BA,"New Very Special Funny Video 2022, Must Watch Amazing Funny Comedy Video 2022, Episode 95@MYFAMILYComedy",thumbnails/QPC2hMWY7BA.jpg,1
omVMxK9wN_I,Eid Special Must Watch New Tranding Comedy Video Amazing Funny Video 2023  Ep  222 By #Busyfunltd,thumbnails/omVMxK9wN_I.jpg,1
gmlxelUTGfo,"New 2020 Funny Football Vines - Goals, Skills, Fails #18",thumbnails/gmlxelUTGfo.jpg,1
o6DDXrPZqi8,Most Unexpected Reactions In Football 👀,thumbnails/o6DDXrPZqi8.jpg,1
5teThcYJ7w4,Comedy & Funniest Moments In Football,thumbnails/5teThcYJ7w4.jpg,1
TMB7TC4kyNk,Funny Moments of Famous Football Managers,thumbnails/TMB7TC4kyNk.jpg,1
Wy2z77VxUY0,Strange Moments in Football #2,thumbnails/Wy2z77VxUY0.jpg,1
Bf6I34Mzpio,Strange Moments in Football,thumbnails/Bf6I34Mzpio.jpg,1
8KzqSSwQ2cw,Strange Moments in Football,thumbnails/8KzqSSwQ2cw.jpg,1
pT30yCDx760,Cristiano Ronaldo amazing football Goals | Cristiano Ronaldo latest football video,thumbnails/pT30yCDx760.jpg,1
mExw6uk0EMo,Unexpected Stuff Cristiano Ronaldo | Kiss the ladi referee how | Cristiano Ronaldo latest video.,thumbnails/mExw6uk0EMo.jpg,1
TR85vVWguxs,Players vs Fans Epic Moments!,thumbnails/TR85vVWguxs.jpg,1
Ba6-6KmB3CQ,Is Ibrahimovic Crazy & Needs A Doctor ?,thumbnails/Ba6-6KmB3CQ.jpg,1
FmKpjhi6ZYQ,10 Times Football Fans Went TOO Far,thumbnails/FmKpjhi6ZYQ.jpg,1
RgOA37xgYcc,10 BANNED Accessories In Football,thumbnails/RgOA37xgYcc.jpg,1
JMAnkCd3PAY,10 BANNED Celebrations In Football,thumbnails/JMAnkCd3PAY.jpg,1
WLuRkeo_9vM,SECRET Tattoo Meanings of Football Players,thumbnails/WLuRkeo_9vM.jpg,1
DCDfvNPbAeg,20 WEIRDEST Moments in Football History,thumbnails/DCDfvNPbAeg.jpg,1
yZirLwxPK-I,INSANE Stories Football Players Don't Talk About,thumbnails/yZirLwxPK-I.jpg,1
bbla8uN33R0,Most EMBARRASSING Moments In Football History,thumbnails/bbla8uN33R0.jpg,1
iKz0atbJ86o,WEIRDEST Pre-Game Rituals of Football Players,thumbnails/iKz0atbJ86o.jpg,1
Vvbh6vlkIa0,Stories You Didn't Know About Football Players,thumbnails/Vvbh6vlkIa0.jpg,1
UwQtaXpeqS8,Most DISRESPECTFUL Stories In Football History,thumbnails/UwQtaXpeqS8.jpg,1
olN3WXK9iaA,EMBARRASSING Football Moments That Turned Into Memes,thumbnails/olN3WXK9iaA.jpg,1
sT9n7awOQPw,20 Things You Didn't Know About Football,thumbnails/sT9n7awOQPw.jpg,1
j8kpcFHY_VU,10 Times Ronaldo SHOCKED THE WORLD,thumbnails/j8kpcFHY_VU.jpg,1
EraHxd4612o,....ø·ø ̈ùšù„ø© ... ø£øoù†ùšø© ù„ù„ø£ø·ù ø§ù„ ... ù„ùšø ̈ùšø Terror,thumbnails/EraHxd4612o.jpg,1
SETOIlJhIWk,full stop punctuation,thumbnails/SETOIlJhIWk.jpg,1
7JRQ4l7eXVw,The Gutter of YouTube,thumbnails/7JRQ4l7eXVw.jpg,1
lYmxawhZcbc,full stop punctuation.,thumbnails/lYmxawhZcbc.jpg,1
A2j1sLYCZQc,Full stop punctuation,thumbnails/A2j1sLYCZQc.jpg,1
ISbVh0KGVDE,Full stop punctuation.,thumbnails/ISbVh0KGVDE.jpg,1
xxM_fUcRp_g,full stop punctuation,thumbnails/xxM_fUcRp_g.jpg,1
F26ZYA4_CwU,full stop punctuation,thumbnails/F26ZYA4_CwU.jpg,1
VtiviDjIOVM,Full Stop Punctuation,thumbnails/VtiviDjIOVM.jpg,1
pf9agV_I0m4,full stop punctuation,thumbnails/pf9agV_I0m4.jpg,1
O_DWucZwtfA,full stop punctuation,thumbnails/O_DWucZwtfA.jpg,1
iHKLCzLYt-Q,World's *SCARIEST* Videos On The Internet!,thumbnails/iHKLCzLYt-Q.jpg,1
ItoSYiCOzFg,Evil Kids Who Got Grounded Forever!,thumbnails/ItoSYiCOzFg.jpg,1
gGwd5mBTruU,World's *SCARIEST* things CAUGHT on camera!,thumbnails/gGwd5mBTruU.jpg,1
VquZwveRmrY,TikToks That Will *UNLOCK* A New Fear!,thumbnails/VquZwveRmrY.jpg,1
JXV8EzW0pwU,I Bought 250 CURSED Amazon Products!,thumbnails/JXV8EzW0pwU.jpg,1
7H86fq4ZEPw,People On Another Level! (INSANE),thumbnails/7H86fq4ZEPw.jpg,1
w6JNfm1ALw4,Try Not To Laugh at these TikToks *IMPOSSIBLE*,thumbnails/w6JNfm1ALw4.jpg,1
sSuLkeK0Cv0,World's *HARDEST* TRY NOT TO LAUGH Challenge! (IMPOSSIBLE),thumbnails/sSuLkeK0Cv0.jpg,1
PviCek989QE,World's *WORST* Karen Freakouts! (CRAZY),thumbnails/PviCek989QE.jpg,1
to2wIB4KJTs,World’s *MOST* Viral Kids!,thumbnails/to2wIB4KJTs.jpg,1
io-lw-yDKzY,36 *FUNNY* TikTok PRANKS that ACTUALLY WORK! (Best Pranks),thumbnails/io-lw-yDKzY.jpg,1
k9VKLB_if0Q,Kids You Won’t Believe EXIST! (WOW),thumbnails/k9VKLB_if0Q.jpg,1
1WbSBRSV7m0,World's *HARDEST* TRY NOT TO LAUGH Challenge! (NEW),thumbnails/1WbSBRSV7m0.jpg,1
6lzd_lA5Pp8,World’s Most CURSED Things!,thumbnails/6lzd_lA5Pp8.jpg,1
aJ7XoeB8TME,Lies That Will *DESTROY* Your Trust!,thumbnails/aJ7XoeB8TME.jpg,1
ciVSCgt2QEg,World's Most *USELESS* Inventions! (LOL),thumbnails/ciVSCgt2QEg.jpg,1
bjLHKWdzbtI,Craziest Interrogation Moments Of ALL TIME..,thumbnails/bjLHKWdzbtI.jpg,1
0Kyym9Yu5w0,A New Virus Variant Found.! |Be Careful | Mpox #health #publichealth,thumbnails/0Kyym9Yu5w0.jpg,1
8WgmjTwqtKY,Luckiest People Caught On Camera!,thumbnails/8WgmjTwqtKY.jpg,1
T1hea-cf7B4,World's *BEST* Magic Tricks you HAVE TO SEE! (HOW!?),thumbnails/T1hea-cf7B4.jpg,1
Jm9PbZO8xXQ,World’s *BEST* Magic Tricks you HAVE TO SEE!,thumbnails/Jm9PbZO8xXQ.jpg,1
Juu9vc2oqHM,The *BEST* Magic Tricks IN THE WORLD! (Must See),thumbnails/Juu9vc2oqHM.jpg,1
2l6wYBV94Gw,Exposing World’s *BIGGEST* Magic Tricks!,thumbnails/2l6wYBV94Gw.jpg,1
rKNoyR36i34,Worlds *MOST* Viewed YouTube Shorts! (VIRAL),thumbnails/rKNoyR36i34.jpg,1
YUfaIIh3pRM,World’s *MOST* Unexpected Moments!,thumbnails/YUfaIIh3pRM.jpg,1
g5sdPcModvQ,World’s *WEIRDEST* Things You Never Seen Before!,thumbnails/g5sdPcModvQ.jpg,1
DEYS90OC1FA,Football Players That Were Almost KILLED,thumbnails/DEYS90OC1FA.jpg,1
zyTqElwSG5w,What Football Players ACTUALLY Eat,thumbnails/zyTqElwSG5w.jpg,1
ppr6cZI64DY,EMOTIONAL FOOTBALL MOMENTS,thumbnails/ppr6cZI64DY.jpg,1
hIv5AC_8zak,BANNED Things in Football..,thumbnails/hIv5AC_8zak.jpg,1
_ekg01ZNRIg,10 TIMES WHEN CELEBRITIES SURPRISE THEIR FANS,thumbnails/_ekg01ZNRIg.jpg,1
FXp4hETJkvY,11 Footballeurs SURPRENNENT Leurs Fans,thumbnails/FXp4hETJkvY.jpg,1
7EP6EpFyIJY,So Crazy!! Messi suddenly did this to His fans while celebrating 37th birthday at the Copa America,thumbnails/7EP6EpFyIJY.jpg,1
pBd14qS4Ims,10 Things Kylian Mbappé Wanted To Keep Secret,thumbnails/pBd14qS4Ims.jpg,1
AqLMQY2nKpI,Most Inappropriate Moments in Womens Football,thumbnails/AqLMQY2nKpI.jpg,1
I2A1tz9ftz4,Youtubers VS Footballer Moments,thumbnails/I2A1tz9ftz4.jpg,1
dMjK6BbLmqE,20 Most VIRAL Moments in Football History..,thumbnails/dMjK6BbLmqE.jpg,1
zTgyKfzXa8U,COMEDY moments in Football,thumbnails/zTgyKfzXa8U.jpg,1
T0nydcH2B9Y,Crazy Dressing Room Moments in Football,thumbnails/T0nydcH2B9Y.jpg,1
a6cXhflwfW0,Youtubers vs Football Players 2,thumbnails/a6cXhflwfW0.jpg,1
mw_QXmsCN8I,20 CRAZIEST Interviews in Football History..,thumbnails/mw_QXmsCN8I.jpg,1
I_3dlerKYDE,100% Trash Talking in Football,thumbnails/I_3dlerKYDE.jpg,1
M_3STI_4bKM,100% Trash Talking in Football,thumbnails/M_3STI_4bKM.jpg,1
OcJM2UmgF5o,Crazy Bench Moments,thumbnails/OcJM2UmgF5o.jpg,1
9uoGxne4W54,When Players Fight Disrespectful Reporters..,thumbnails/9uoGxne4W54.jpg,1
MyPeH4mo9mw,“Have Some Respect” Will Smith RAGES on James Corden For Mocking Jada Pinkett Just After The Oscars,thumbnails/MyPeH4mo9mw.jpg,1
-OHejAhnDwA,Craziest Courtroom Moments Of ALL TIME...,thumbnails/-OHejAhnDwA.jpg,1
2PbNHVe5FYo,INVENÇÕES ENGENHOSAS QUE TODOS DEVERIAM VER,thumbnails/2PbNHVe5FYo.jpg,1
7M3SgJhNlyo,"Assim é a vida luxuosa de Angelina Jolie, estrela de Hollywood (mansões, carros, fortuna...)",thumbnails/7M3SgJhNlyo.jpg,1
lDjR8yD3Obs,Like a Boss Compilation! Amazing People That Are on Another Level #18,thumbnails/lDjR8yD3Obs.jpg,1
1jj8tny5qVk,Try Not To Say WOW Challenge! Oddly Satisfying Video that Relaxes You Before Sleep #58,thumbnails/1jj8tny5qVk.jpg,1
rvl6qhBGHAY,Amazing People Who Are on Another Level #4,thumbnails/rvl6qhBGHAY.jpg,1
c7UtiZEiYKg,Incredible Moments Caught on Camera,thumbnails/c7UtiZEiYKg.jpg,1
iEy1L0d3F4c,Incredible Moments Caught on Camera,thumbnails/iEy1L0d3F4c.jpg,1
nzBcpzsxjQM,People On Another Level...,thumbnails/nzBcpzsxjQM.jpg,1
vDgrnx_nkhI,Like a Boss Compilation! Amazing People That Are on Another Level #35,thumbnails/vDgrnx_nkhI.jpg,1
zeyQOw7mIhc,Extremely Satisfying Workers!,thumbnails/zeyQOw7mIhc.jpg,1
LOfDW_96yV0,Try Not To Say WOW Challenge! Satisfying Video that Meditates You Before Sleep #77,thumbnails/LOfDW_96yV0.jpg,1
KajQuUrDTj8,Try Not To Say WOW Challenge! Satisfying Video To Watch Before You Sleep #85,thumbnails/KajQuUrDTj8.jpg,1
iGQjn_cDBdA,SATISFYING VIDEOS OF WORKERS WHO DO THEIR JOB PERFECTLY,thumbnails/iGQjn_cDBdA.jpg,1
8wld_fYnqZc,Try Not To Say WOW Challenge! Satisfying Video To Watch Before You Sleep #91,thumbnails/8wld_fYnqZc.jpg,1
riJTgStqyw0,Most Satisfying Machines and Ingenious Tools,thumbnails/riJTgStqyw0.jpg,1
kwuIWZ9wRmw,"Craziest ""Karma/Revenge"" Moments in Sports History",thumbnails/kwuIWZ9wRmw.jpg,1
AsFQ3Oe3hYQ,Most Satisfying Machines and Ingenious Tools That Are At Another Level | Try Not To Say Wow,thumbnails/AsFQ3Oe3hYQ.jpg,1
dW8J7_l8INY,Craziest “Saving Lives” Moments in Sports History,thumbnails/dW8J7_l8INY.jpg,1
sUOziK6nCBA,Superheroes in Real Life Caught On Camera !,thumbnails/sUOziK6nCBA.jpg,1
WEPK_mubM5w,Incredible Moments Caught on Camera,thumbnails/WEPK_mubM5w.jpg,1
fleUyiUmedQ,Luckiest People Ever Caught on Camera,thumbnails/fleUyiUmedQ.jpg,1
Gm5RSJ3WG7I,Extremely Satisfying Workers!,thumbnails/Gm5RSJ3WG7I.jpg,1
XQmcH1yTbrA,Damn Nature You Scary | Rare & Scary Animal Encounters 😱 #20,thumbnails/XQmcH1yTbrA.jpg,1
Sf5yOKjxggA,Players vs Referees: Funny Moments 😂,thumbnails/Sf5yOKjxggA.jpg,1
epbqAe76SLM,As Maiores Brigas de Neymar vs Cristiano Ronaldo,thumbnails/epbqAe76SLM.jpg,1
6JxkR5zYgSU,25 Ingenious Home Hacks You Will Use Everyday That Work Extremely Well,thumbnails/6JxkR5zYgSU.jpg,1
YOAChh0knsM,100 Ingenious Handyman Tips & Hacks That Work Extremely Well,thumbnails/YOAChh0knsM.jpg,1
WHjITn_bFuM,Handyman's Don't Want You To Know This! Tips & Hacks That Work Extremely Well,thumbnails/WHjITn_bFuM.jpg,1
G6K1krqHoHk,Handyman's Don't Want You To Know This! Tips & Hacks That Work Extremely Well,thumbnails/G6K1krqHoHk.jpg,1
2nmcEH8UApk,My grandfather was right. Secret Tricks That Painters Hide From You,thumbnails/2nmcEH8UApk.jpg,1
02neZSqtBfU,HANDYMAN AND CONSTRUCTION TIPS AND TRICKS THAT REALLY WORK,thumbnails/02neZSqtBfU.jpg,1
53q2qMvJjxQ,Like a Boss Compilation! Amazing People That Are on Another Level #43,thumbnails/53q2qMvJjxQ.jpg,1
mOK8otJIo9k,Extremely Satisfying Workers!,thumbnails/mOK8otJIo9k.jpg,1
WPQQ49r_pm4,Cristiano Ronaldo Interview: Will Georgina Rodriguez Be Your Wife 2023?,thumbnails/WPQQ49r_pm4.jpg,1
Q-uTVBm5MNc,Try Not To Say WOW Challenge! Oddly Satisfying Video that Relaxes You Before Sleep #59,thumbnails/Q-uTVBm5MNc.jpg,1
BVOb8SDQhG8,Impossible 0.000001% Odds!,thumbnails/BVOb8SDQhG8.jpg,1
lHriHbKaS0A,Like a Boss Compilation! Amazing People That Are on Another Level #47,thumbnails/lHriHbKaS0A.jpg,1
W-7TaAGww5g,Damn Nature You Scary | Rare & Scary Animal Encounters 😱 #10,thumbnails/W-7TaAGww5g.jpg,1
EYpo1TSCMhI,"If These Moments With Animal Were Not Filmed, No One Would Have Believed Them",thumbnails/EYpo1TSCMhI.jpg,1
cDMn8Liz7OM,Funny Soccer Football Vines 2021 ● Goals l Skills l Fails #93,thumbnails/cDMn8Liz7OM.jpg,1
ukSzjIbZDSo,فيديوهات كرة قدم مضحكة ⚽😂🔥 2024  #26,thumbnails/ukSzjIbZDSo.jpg,1
LPi1OxQUTHc,Craziest Moments in Women's Football,thumbnails/LPi1OxQUTHc.jpg,1
odzwAhiXxmE,Comedy Moments in Football | Try Not To Laugh,thumbnails/odzwAhiXxmE.jpg,1
bOMn4tNS60w,MOST BEAUTIFUL MOMENTS OF RESPECT,thumbnails/bOMn4tNS60w.jpg,1
RL_e5QO9S2M,HENCHMAN BUNDLE IS BACK! (Fortnite Item Shop Reset 21st August 2024),thumbnails/RL_e5QO9S2M.jpg,1
bAEMKPNTnrc,ARIANA GRANDE IS BACK! (Fortnite Item Shop Reset 25th August 2024),thumbnails/bAEMKPNTnrc.jpg,1
1V1ZvMTFDvs,15 JOGADORES AZARADOS QUE SE DERAM MAL,thumbnails/1V1ZvMTFDvs.jpg,1
bJDp_ZVQcRo,10 MELHORES VINGANÇAS DO FUTEBOL,thumbnails/bJDp_ZVQcRo.jpg,1
FyJcI4UkAzs,Idiots of the Week | Funny Fails Caught on Camera,thumbnails/FyJcI4UkAzs.jpg,1
_Oc-eGRhcb4,VÍDEOS SATISFATÓRIOS DE TRABALHADORES FAZENDO SEU TRABALHO PERFEITAMENTE,thumbnails/_Oc-eGRhcb4.jpg,1
iSb_fyChqLE,Completos Idiotas no Trabalho Flagrados Pelas Câmeras,thumbnails/iSb_fyChqLE.jpg,1
88KPADTPPAo,Vídeos satisfatórios de trabalhadores fazendo seu trabalho com perfeição,thumbnails/88KPADTPPAo.jpg,1
nLR3prTKSGE,Vídeos satisfatórios de trabalhadores fazendo seu trabalho com perfeição,thumbnails/nLR3prTKSGE.jpg,1
dainpKoDlAE,Has Lionel Messi Recently Passed Away in a High-Speed Car Accident?,thumbnails/dainpKoDlAE.jpg,1
KItFw-9zqQQ,Top 10 Heartbreaking Moments In Football,thumbnails/KItFw-9zqQQ.jpg,1
fcgWYglHQZw,Most INAPPROPRIATE Moments In Football,thumbnails/fcgWYglHQZw.jpg,1
6P4jcvfqTto,When Football Players Have 0% Luck,thumbnails/6P4jcvfqTto.jpg,1
TfEiBfYXV_U,Football Players That Let Themselves Go..,thumbnails/TfEiBfYXV_U.jpg,1
EPUa9a6cuU4,How This Real Madrid Star Became A Homeless Man..,thumbnails/EPUa9a6cuU4.jpg,1
fPuNpS9fPDo,Football Players Who ALMOST DIED..,thumbnails/fPuNpS9fPDo.jpg,1
87acdtXVXv4,"1 in 1,000,000 Football Moments",thumbnails/87acdtXVXv4.jpg,1
aF3ufeW7zXM,Banned Celebrations In Football,thumbnails/aF3ufeW7zXM.jpg,1
8ItvSeKbPUo,20 Most ABSURD Moments In Football..,thumbnails/8ItvSeKbPUo.jpg,1
pH-TgdOqB9E,20 Unexpected Football Moments,thumbnails/pH-TgdOqB9E.jpg,1
kmAWR8an6Fk,I Tested 100 Football Life Hacks,thumbnails/kmAWR8an6Fk.jpg,1
UuAhXrHAfZg,I Tested 100 Fake Football Products,thumbnails/UuAhXrHAfZg.jpg,1
zX7xh7AOCU0,The most DEADLIEST head injury in football [Domagoj Vida ],thumbnails/zX7xh7AOCU0.jpg,1
ayKcck441n8,25 Most ABSURD Fouls In Football,thumbnails/ayKcck441n8.jpg,1
eZ_u6fIPzb4,10 SCARIEST Moments In NFL History..,thumbnails/eZ_u6fIPzb4.jpg,1
hfCTA7K22is,20 HORRIFIC Fouls In Football,thumbnails/hfCTA7K22is.jpg,1
unQWa4i14rg,The Most Shocking Bodies On TikTok,thumbnails/unQWa4i14rg.jpg,1
8RmzZgU-cyw,30 Most EMBARRASSING Memes In Football History,thumbnails/8RmzZgU-cyw.jpg,1
CAI02Pr3Iyg,20 Most DISRESPECTFUL Football Moments,thumbnails/CAI02Pr3Iyg.jpg,1
cb0lFDYYd2U,"Assim é a vida luxuosa de The Rock (Dwayne Johnson), astro da WWE e filmes como Velozes e Furiosos",thumbnails/cb0lFDYYd2U.jpg,1
BGKRDmmH1WM,20 CRAZIEST Moments In MLB History..,thumbnails/BGKRDmmH1WM.jpg,1
3wKm3087UHs,Players vs Referees,thumbnails/3wKm3087UHs.jpg,1
_YPdLDYqQJ4,Epic Moments When Nature Stops Football Match ! ⚠️,thumbnails/_YPdLDYqQJ4.jpg,1
JfYEmhHkCZQ,Epic Moments When Nature Stops Football Match ! ⚠️,thumbnails/JfYEmhHkCZQ.jpg,1
UdSh3OhXetE,Like a Boss Compilation! Amazing People That Are on Another Level №20,thumbnails/UdSh3OhXetE.jpg,1
RsuUvjMxTXg,Insane Driver Disasters | Car Fails Caught on Dashcam,thumbnails/RsuUvjMxTXg.jpg,1
QSW2uW9eFn4,20 WEIRDEST NBA MOMENTS OF ALL TIME..,thumbnails/QSW2uW9eFn4.jpg,1
39jpghte1rw,Times Referees RUINED The NBA..,thumbnails/39jpghte1rw.jpg,1
ziJtUt85C2I,PESSOAS QUE ESTÃO EM OUTRO NÍVEL. AS HABILIDADES E TALENTOS MAIS INCRÍVEIS,thumbnails/ziJtUt85C2I.jpg,1
2Cejd94HqPY,Jogadores da NBA Que Foram HUMILHADOS Após Provocar Stephen Curry,thumbnails/2Cejd94HqPY.jpg,1
G-Gv94bQaS0,ENDRICK FEZ GOL E FALOU ISSO,thumbnails/G-Gv94bQaS0.jpg,1
sGxw7ipTrq8,Tổng Hợp Những Khoảnh Khắc Hài Hước Của Năm 😆🔥🐷 PART 5,thumbnails/sGxw7ipTrq8.jpg,1
iwFuKsHAnK0,AS LOUCURAS DO FUTEBOL BRASILEIRO - Parte 2,thumbnails/iwFuKsHAnK0.jpg,1
WhrekQumlKY,AS LOUCURAS DO FUTEBOL BRASILEIRO - Parte 3,thumbnails/WhrekQumlKY.jpg,1
VTH0XgZ6pto,Completos Idiotas no Trabalho Flagrados Pelas Câmeras,thumbnails/VTH0XgZ6pto.jpg,1
RxhDx1gpoeo,"Craziest ""1 in a Trillion"" Moments in Sports History",thumbnails/RxhDx1gpoeo.jpg,1
3zrLm_N2tnU,Funniest Moments In Football,thumbnails/3zrLm_N2tnU.jpg,1
LtOya4_iND0,Os Micos Mais Caros Já Flagrados Pelas Câmeras,thumbnails/LtOya4_iND0.jpg,1
U5oS6yi2g-w,Incríveis Tecnologias de Estradas Que São Insanamente Legais,thumbnails/U5oS6yi2g-w.jpg,1
UsKGD8dQBYw,Amazing Inventions You Should See | Compilation | Best Of The Summer,thumbnails/UsKGD8dQBYw.jpg,1
LtC4I9tKVMs,2 MINUTES AGO! Ukrainian F-16s SHOOT DOWN 4 Russian Su-34s in FIRST FOOTAGE of Air Battle over Kursk,thumbnails/LtC4I9tKVMs.jpg,1
6ByB00sweDk,"WTF Happened To Santa Monica, California?!",thumbnails/6ByB00sweDk.jpg,1
04OAZ-NBXkk,🚨SENTIU! ENDRICK COMEÇOU A FICAR P*** COM AS ZOEIRAS?? ENDRICK REAGE A ZOAÇÕES!!,thumbnails/04OAZ-NBXkk.jpg,1
XKz8pKVZfeM,Neymar Jr Respect and Emotional Moments,thumbnails/XKz8pKVZfeM.jpg,1
R-B7QleMbiY,CRISTIANO RONALDO TRANSFORMOU O FILHO EM UM MONSTRO,thumbnails/R-B7QleMbiY.jpg,1
2dnEJXQYYJw,REAL ASSUSTADO ! NOVA OFERTA POR VINI CHOCA O MUNDO !! NEYMAR PODE JOGAR COM VINI E MAIS,thumbnails/2dnEJXQYYJw.jpg,1
ir3oHaaX5lY,O QUE ACONTECE SE IRRITAR O NEYMAR?,thumbnails/ir3oHaaX5lY.jpg,1
9AH-yS5En6U,CÂMERAS ESCONDIDAS FLAGRARAM ISSO NO FUTEBOL!,thumbnails/9AH-yS5En6U.jpg,1
g1Elknq92tc,OLHA A TRETA ENTRE ENDRICK E NEYMAR APÓS COMPARAÇÕES,thumbnails/g1Elknq92tc.jpg,1
f5o7_wPmuiE,I Bought 100 Ai Products!,thumbnails/f5o7_wPmuiE.jpg,1
jXI8hC134KA,These animals will have you laughing like never before!😁,thumbnails/jXI8hC134KA.jpg,1
G0cF0fZgkDo,Total Idiots At Work Caught On Camera,thumbnails/G0cF0fZgkDo.jpg,1
fiCxNpM6mRk,Most Unbelievable Moments Ever Caught On Camera !,thumbnails/fiCxNpM6mRk.jpg,1
Dpc4-UBCUP4,Incredible Moments Caught on Camera,thumbnails/Dpc4-UBCUP4.jpg,1
6_Py9INA4lE,People Having A Bad Day | Funny Fails Compilation,thumbnails/6_Py9INA4lE.jpg,1
7N70RcxxKsk,TRYING 100 LIFE HACKS IN 24 HOURS!!,thumbnails/7N70RcxxKsk.jpg,1
oN0iK-cClQI,100 DARES IN 24 HOURS!,thumbnails/oN0iK-cClQI.jpg,1
Tb6dciVa1T0,I Bought 250 BANNED Amazon Products!,thumbnails/Tb6dciVa1T0.jpg,1
q5r-PPu1GzU,35 pessoas mais sortudas já capturadas na câmera,thumbnails/q5r-PPu1GzU.jpg,1
oODreucZqmM,WORKING OUT FOR 24 HOURS STRAIGHT!!,thumbnails/oODreucZqmM.jpg,1
tn79OFbPwKE,"Busting 1,000 Movie Myths In 24 Hours!",thumbnails/tn79OFbPwKE.jpg,1
roUuy1xjits,40 VEZES EM QUE OS PAIS NÃO SABIAM SE RIAM OU CHORAVAM,thumbnails/roUuy1xjits.jpg,1
eXRrwA-Szwg,As Melhores Vinganças Passivo-Agressivas – Parte 6,thumbnails/eXRrwA-Szwg.jpg,1
bABseBbIiFk,I Busted 200 BANNED Myths!!,thumbnails/bABseBbIiFk.jpg,1
KvIl8mjMTsE,Extreme Try Not To Laugh Challenge!,thumbnails/KvIl8mjMTsE.jpg,1
4Iui1yDgusI,As Melhores Vinganças Passivo-Agressivas – Parte 5,thumbnails/4Iui1yDgusI.jpg,1
n5Op1CIdg4Y,Would You Rather: IRL,thumbnails/n5Op1CIdg4Y.jpg,1
YL4neojI7Ic,"Se casa PEGAR FOGO, ir pro CHUVEIRO RESOLVE? Iberê responde!",thumbnails/YL4neojI7Ic.jpg,1
mKdjycj-7eE,"Stop This Train, Win a Lamborghini",thumbnails/mKdjycj-7eE.jpg,1
TQHEJj68Jew,I Got Hunted By A Real Bounty Hunter,thumbnails/TQHEJj68Jew.jpg,1
dXmWjV1eAXQ,I Bought 100 DISCONTINUED Products From Our Childhood!,thumbnails/dXmWjV1eAXQ.jpg,1
zySUlGXbXvA,World's Luckiest People!,thumbnails/zySUlGXbXvA.jpg,1
P8gXGWH49ao,My Twin Brother Was MURDERED…,thumbnails/P8gXGWH49ao.jpg,1
6iKJZqDSPGc,I Bought 100 CURSED Amazon Products!,thumbnails/6iKJZqDSPGc.jpg,1
LnVfvz_CJ1o,I Survived The World's STRICTEST School!,thumbnails/LnVfvz_CJ1o.jpg,1
XxMmWxwt14M,Busting 100 SCHOOL MYTHS In 24 Hours!,thumbnails/XxMmWxwt14M.jpg,1
OpOvMwkGL18,"Last To Speak Wins $10,000!",thumbnails/OpOvMwkGL18.jpg,1
4PaqJhHM9-s,"LAST TO FALL ASLEEP WINS $10,000",thumbnails/4PaqJhHM9-s.jpg,1
25N0R1KnXVs,Lava vs Lasers - Which Is More Destructive?,thumbnails/25N0R1KnXVs.jpg,1
t9GPp1DM6fI,Vídeos Falsos Que Foram Desmascarados,thumbnails/t9GPp1DM6fI.jpg,1
CSvPE21Seu4,Mendigos Falsos Pegos Em Flagrante,thumbnails/CSvPE21Seu4.jpg,1
HsLg6lCCaLg,O ZANELLA FEZ UM QUARTO SECRETO NO QUARTO DA MANU!!!,thumbnails/HsLg6lCCaLg.jpg,1
SKQTtsGOT7M,TESTEI O ZANELLA COM O DETECTOR DE MENTIRAS...,thumbnails/SKQTtsGOT7M.jpg,1
BSzEGDBPMP4,"""You're Delusional"" Chris Rock RAGES At Will Smith After He Slapped Him During The Oscars",thumbnails/BSzEGDBPMP4.jpg,1
W2U04onq8nM,Foxy Brown Finally SHARES Her Traumatizing Story About Jay Z & Jamie Foxx.. (Worse Than Diddy),thumbnails/W2U04onq8nM.jpg,1
bqh-xl0LizI,Garcelle Beavius Exposes Will Smith For SELLING Women To Diddy,thumbnails/bqh-xl0LizI.jpg,1
ofk19swh308,Tom Hanks Panics After Being Connected To Diddy Crimes,thumbnails/ofk19swh308.jpg,1
oldqHR9a0m8,Jennifer Lopez DROPS BOMBSELL On Ben Affleck's DESIRE For Gay Men,thumbnails/oldqHR9a0m8.jpg,1
OA70XIR6_iA,Joe Rogan Exposes Jerry Seinfeld For Being WORSE Than Diddy,thumbnails/OA70XIR6_iA.jpg,1
29CQXaRTgWI,Katie Holmes EXPOSES Tom Cruise's NASTY Link To Gay Elite Parties,thumbnails/29CQXaRTgWI.jpg,1
olVaEmdkZ8Y,Kanye West REACTS To Bianca Censori S3XTING With Minors.. (She's CRAZY),thumbnails/olVaEmdkZ8Y.jpg,1
rOBW4YgXI_s,FEDS Finally NAMEDROPS Celebrity-Suspects In Matthew Perry Case | Going To Court,thumbnails/rOBW4YgXI_s.jpg,1
8eS8sdVcBRc,FEDS CONFIRM Sinead O'Connor's Cause Of D3ath | SACRIFICED??,thumbnails/8eS8sdVcBRc.jpg,1
S6YpCE3UKIw,Brad Pitt's Daughter DROPS BOMBSHELL REVELATION! Confirms What We Thought All Along,thumbnails/S6YpCE3UKIw.jpg,1
Poy2yxHPWa4,Miley Cyrus Leaks UNDENIABLE Footage Of Dad B3ATING HER UP!,thumbnails/Poy2yxHPWa4.jpg,1
9z-RJ6kfSU0,Ben Affleck Shares DISTURBING FBI Tapes Of JLO From Diddy Raids,thumbnails/9z-RJ6kfSU0.jpg,1
ES0QlfPUSto,Will Ferrell & Katt Williams TEAM UP To NAME Hollywood Predators,thumbnails/ES0QlfPUSto.jpg,1
RBD7PFRNbI4,"Keanu Reeves BREAKS Into Tears: ""I Won't Be Alive For Long.. """,thumbnails/RBD7PFRNbI4.jpg,1
1T7qhD-xXTc,Hidden Chats in Football You Surely Missed #2,thumbnails/1T7qhD-xXTc.jpg,1
y8p4ouCwoD0,100% Angry Moments in Football,thumbnails/y8p4ouCwoD0.jpg,1
0y0DmVgmqDk,Moments that will put a smile in your face,thumbnails/0y0DmVgmqDk.jpg,1
4U_iO57xJUE,Craziest Hidden Chats In Football Reaction || hidden chats you surely missed,thumbnails/4U_iO57xJUE.jpg,1
k7RK2eSFYxs,World's *RAREST* Things ONLY 1% of Humans CAN DO!,thumbnails/k7RK2eSFYxs.jpg,1
xcukC48nKv8,COPYING MY BOYFRIEND FOR 24 HOURS!,thumbnails/xcukC48nKv8.jpg,1
i3LjOamW9Ow,World's *STRONGEST* Objects vs HydraulicPress!,thumbnails/i3LjOamW9Ow.jpg,1
sIPP_MzDTJ0,TOP 10 MOST CREATIVE VIDEOS!,thumbnails/sIPP_MzDTJ0.jpg,1
D0OV3sHxCG0,Try Not To Say WOW Challenge (HARD),thumbnails/D0OV3sHxCG0.jpg,1
jH39rXAhGJE,World’s Dumbest Inventions,thumbnails/jH39rXAhGJE.jpg,1
akVu63nu00o,World's Smartest Parents,thumbnails/akVu63nu00o.jpg,1
tHDkvYdRXiI,World's Craziest Discoveries,thumbnails/tHDkvYdRXiI.jpg,1
XPyIV8gqSJk,World's Funniest Design Fails!,thumbnails/XPyIV8gqSJk.jpg,1
LBzR-Wb5wR4,World's Funniest Pranks,thumbnails/LBzR-Wb5wR4.jpg,1
yH7fyriQYvk,New Fear Unlocked,thumbnails/yH7fyriQYvk.jpg,1
kX7iSbnwYfE,Videos With UNEXPECTED Endings 💥,thumbnails/kX7iSbnwYfE.jpg,1
561BRxPJetA,People You Won't Believe Actually Exist,thumbnails/561BRxPJetA.jpg,1
dt-6QdisBgc,Cristiano Ronaldo - I'm So Sorry (Imagine Dragons),thumbnails/dt-6QdisBgc.jpg,1
1I6HmFqzH00,What Happened To These Celebs...,thumbnails/1I6HmFqzH00.jpg,1
T7B4gDpqGxw,Mille Bobby Brown Interview PROVES She's Officially CANCELED,thumbnails/T7B4gDpqGxw.jpg,1
1XDiceNg6lI,David Harbour Is ‘Really Worries’ About Millie Bobby Brown.. Here's Why!,thumbnails/1XDiceNg6lI.jpg,1
n1bvzFEZ3fo,Stranger Things Season 5 Leaked Info Is Going to Change EVERYTHING,thumbnails/n1bvzFEZ3fo.jpg,1
MXxqSySSQ28,Jenna Ortega FINALLY Opens Up And Tells Everyone her Secret!,thumbnails/MXxqSySSQ28.jpg,1
IM-X5XCg1Yk,10 Most Expensive Things YouTubers Have Bought YOU MUST SEE,thumbnails/IM-X5XCg1Yk.jpg,1
xnY7rdNUNZA,Finn Wolfhard Signals Stranger Things Season 4 BREAKING NEWS,thumbnails/xnY7rdNUNZA.jpg,1
xgmiY13DC5E,The Scary TRUTH About Stranger Things Anthem 'Running Up the That Hill',thumbnails/xgmiY13DC5E.jpg,1
dbX-Bby7xW8,Stranger Things Season 4 May NOT Be Released In 2022.. Here's Why!,thumbnails/dbX-Bby7xW8.jpg,1
YLSnD7BWmhE,The Umbrella Academy Season 3 May NEVER Happen.. This Is Why!,thumbnails/YLSnD7BWmhE.jpg,1
TEKNcxnHuA8,Kevin Costner BREAKS SILENCE on Why He Left Yellowstone,thumbnails/TEKNcxnHuA8.jpg,1
yznsqlv1VzA,Yellowstone Cast HILARIOUS Moments & Bloopers!,thumbnails/yznsqlv1VzA.jpg,1
hXUQEryyeXc,12 Things Millie Bobby Brown Spends Her Millions on,thumbnails/hXUQEryyeXc.jpg,1
e_6y9D7bABc,JOJO SIWA MOST EMBARRASSING MOMENTS YOU HAVEN’T SEEN...,thumbnails/e_6y9D7bABc.jpg,1
rN72YawVVCY,Celebrities Who Insulted Ellen Degeneres On Her Own Show,thumbnails/rN72YawVVCY.jpg,1
C7T9l67T5AM,"""He Slapped Me"" Selena Gomez EXPOSES Abuse From Justin Bieber",thumbnails/C7T9l67T5AM.jpg,1
P8okz_7vDg0,Elon Musk Reveals Amber Heard BRIBED Him To Testify!,thumbnails/P8okz_7vDg0.jpg,1
HFa8Cc243zE,10 Famous Child Celebrities Who Runied Their Careers,thumbnails/HFa8Cc243zE.jpg,1
NpdZjIAxuj0,Justin Bieber's Suspicious Behavior Towards Hailey,thumbnails/NpdZjIAxuj0.jpg,1
gAy4GA-fjMU,Hailey Bieber FURIOUSLY Reacts to Leaked Video Call of Justin Bieber and Selena Gomez,thumbnails/gAy4GA-fjMU.jpg,1
2Zynpi4ca28,Justin Bieber Finally ADMITS Selena Gomez is BETTER than Hailey Bieber (Video),thumbnails/2Zynpi4ca28.jpg,1
6BlcZ3u03h4,The Weeknd Finally Reveals How Selena Gomez Destroyed Him!,thumbnails/6BlcZ3u03h4.jpg,1
_TUgfQQSPtM,Zendaya Finally CONFIRMS Her Relationship With Tom Holland!,thumbnails/_TUgfQQSPtM.jpg,1
EantKtuyVRM,"""Stop hating"" Tom Holland Defends Zendaya After Fans Skinny-Shamed Her",thumbnails/EantKtuyVRM.jpg,1
OgxyySvmYtQ,Addison Rae +18 Pic LEAKED By Her Boyfriend?!!,thumbnails/OgxyySvmYtQ.jpg,1
KodcXebVNic,Selena Gomez And Chris Evans FINALLY Announce Wedding Plans!,thumbnails/KodcXebVNic.jpg,1
zO5FutVc1dA,Tom Holland & Zendaya Finally Confirm Their Relationship,thumbnails/zO5FutVc1dA.jpg,1
h4aHgKxnrNM,“I’m Divorcing Her” Justin Bieber Reveals He Will Divorce Hailey Baldwin,thumbnails/h4aHgKxnrNM.jpg,1
Ub6kFCsTvL8,Breaking Free: Drake Bell Talks Trauma and His Truth | The Man Enough Podcast,thumbnails/Ub6kFCsTvL8.jpg,1
rE3QydrIR34,"""I'm Divorcing"" Justin Reveals He No Longer Wants To Be With Hailey Bieber!",thumbnails/rE3QydrIR34.jpg,1
HV9z9w6CxvM,"""She's The One"" Tom Holland REVEALS He Will Marry Zendaya",thumbnails/HV9z9w6CxvM.jpg,1
UrHR9IrJftk,Zendaya Finally Announces Her Relationship With Tom Holland!,thumbnails/UrHR9IrJftk.jpg,1
l9g-S0gMQT0,Justin Bieber And Selena Gomez Might Get Back Together Soon!? (Video Call),thumbnails/l9g-S0gMQT0.jpg,1
5ZVj4rGCRV4,Justin Bieber FURIOUSLY Reacts To Selena Gomez Dating Chris Evans,thumbnails/5ZVj4rGCRV4.jpg,1
jaVam_vwFVU,Gigi Hadid Reveals Hailey Bieber FOLLOWS Selena Gomez EVERYWHERE!,thumbnails/jaVam_vwFVU.jpg,1
rRdPGfX7DQM,Ellen DeGeneres Reacts To Her Show ENDING!,thumbnails/rRdPGfX7DQM.jpg,1
SctTrHZ0X0g,Selena Gomez Reveals SECRET Baby With Justin Bieber From 2014!,thumbnails/SctTrHZ0X0g.jpg,1
XiJgmOglOsY,Justin not taking it very well 💔 Hailey & Justin Bieber fr DIVORCE this time ?! 😭,thumbnails/XiJgmOglOsY.jpg,1
X4BM8eRNNdY,Selena & Justin's Secret Encounter Leaked 😳,thumbnails/X4BM8eRNNdY.jpg,1
yC6duKkhPAY,I Almost Died on Drake & Josh!,thumbnails/yC6duKkhPAY.jpg,1
oio9PFU-KDI,DRAKE BELL SE ABRE SOBRE EL ACCIDENTE AUTOMOVILISTICO QUE SUFRIO,thumbnails/oio9PFU-KDI.jpg,1
ayf-Zc0c9wU,"Kim K ""GONE MAD"" After Bianca REVEALS Kourtney Helped Her Against Kim",thumbnails/ayf-Zc0c9wU.jpg,1
0mvCw-kAv98,Kim K GONE MAD After Dolce & Gabbana Fired Her and Hired Kourtney,thumbnails/0mvCw-kAv98.jpg,1
rRc1AmRvafE,Ray J Revealed Kim K Is Involved With D1ddy's Freak Offs?,thumbnails/rRc1AmRvafE.jpg,1
QWuXUVlmTO8,Kris Jenner GONE MAD After Hulu CANCELED Kardashians For their Connection With Diddy,thumbnails/QWuXUVlmTO8.jpg,1
STtLRNGMa10,Kim K GONE MAD After North West INSULTED Her At Live Hollywood Bowl Performance,thumbnails/STtLRNGMa10.jpg,1
705gE03_EUk,Kim K GONE MAD After Khloe FILED CPS Complaint Against Kim For Being A DEADBEAT Mom,thumbnails/705gE03_EUk.jpg,1
3rik2AbRYtc,Kim K FREAKS OUT After Justin Bieber Sued Her For S* A,thumbnails/3rik2AbRYtc.jpg,1
AZ71NT3l2ec,Kylie Jenner GONE MAD After Timothee Chalamet DUMPED Her,thumbnails/AZ71NT3l2ec.jpg,1
jGA-o6dn9gk,Justin Bieber Reveals How Kim Kardashian Ruined His Life,thumbnails/jGA-o6dn9gk.jpg,1
bSJTZmmCWQc,Kim K GONE MAD After North West INSULTED Her On North's 11th BIRTHDAY PARTY,thumbnails/bSJTZmmCWQc.jpg,1
i9zIN8YqBvc,Selena Gomez Reveals How Kardashian Jenner Sisters Destroyed Her And Justin Bieber's Relationship,thumbnails/i9zIN8YqBvc.jpg,1
Xt5CgwkOT38,"Kris Jenner ""GONE MAD"" After Kourtney ENDS Relationship With Her",thumbnails/Xt5CgwkOT38.jpg,1
ZIx2mck0jcU,Kim K BREAKS DOWN After Getting SUED For $120 Millions,thumbnails/ZIx2mck0jcU.jpg,1
IBlJ_0dMypM,"Kim K ""GONE MAD"" After Travis Barker SLAPPED Her",thumbnails/IBlJ_0dMypM.jpg,1
JlaYy7uN-aI,Kim K GONE MAD After North West Started Living With Kanye And Bianca,thumbnails/JlaYy7uN-aI.jpg,1
MvOoRbwC5io,Common RAIDED For STEALING MONEY From Jennifer Hudson,thumbnails/MvOoRbwC5io.jpg,1
_3OKNtUtmuw,"Kim K ""GONE MAD"" After Kanye And Bianca Planning for KIDS",thumbnails/_3OKNtUtmuw.jpg,1
vfC4M1IBGok,Kris Jenner GONE MAD After Corey Gamble SLAPPED Her In Face At Family Gathering,thumbnails/vfC4M1IBGok.jpg,1
GLErBKAQlU8,Kourtney FILLED FOR DIVORCE After She CAUGHT Kim And Travis Having AFFAIR,thumbnails/GLErBKAQlU8.jpg,1
wci_QGi6ZHI,Kris Jenner PENNILES Hulu CANCELLED Kardashians Show Due To Kris Jenner's Relationship With Diddy,thumbnails/wci_QGi6ZHI.jpg,1
4Z-90dBlxM0,Kim K GONE MAD After Paris Hilton Warns Kourtney About Travis's Cheating,thumbnails/4Z-90dBlxM0.jpg,1
gFPN7l8XTJQ,Kim K ARRESTED For Not Paying Bank Loans Back? | Kim K Freaks Out,thumbnails/gFPN7l8XTJQ.jpg,1
I0-gTSPfEqc,Kim K BREAKS DOWN After Her Brand SKIMS GONE BANKRUPT,thumbnails/I0-gTSPfEqc.jpg,1
PES1R3KT7TY,Kris GONE MAD As Kourtney Left THE KARDASHIANS SHOW And Sued Kris Jenner,thumbnails/PES1R3KT7TY.jpg,1
tRIfyjgntSA,Kanye West FILLED CPS Complaint Against Kim K For P!mping Out North West,thumbnails/tRIfyjgntSA.jpg,1
y1dL0KgKMPo,Kris Jenner GONE MAD After Nicole Brown's Family SUED Her For Helping O. J. Simpson,thumbnails/y1dL0KgKMPo.jpg,1
sJNe8xkV7eA,Kim K GONE MAD After Kourtney CALLED CPS For North West's CUSTODY,thumbnails/sJNe8xkV7eA.jpg,1
RSyf7l9WU0I,Kylie Jenner's Career Over Face Aging Fast Looking Ugly Due To Excessive Use Of Botox,thumbnails/RSyf7l9WU0I.jpg,1
ghCwGHDhD_o,Angela Deem KICKED OUT By Her Grandchildren and Daughter | 90 Day Fiancé,thumbnails/ghCwGHDhD_o.jpg,1
hy8tSHLRGt8,Kim K GONE MAD After YEEZY Sued Her for Design THEFT,thumbnails/hy8tSHLRGt8.jpg,1
40v4Qc-ELx4,BANKS SUING Kim K For Not Paying Debts,thumbnails/40v4Qc-ELx4.jpg,1
1c-0LNS11Lk,New DOCUMENTARY Exposes Kris Jenner's Involvement In Nicole Brown's Death | Kris Helped O.J. Simpson,thumbnails/1c-0LNS11Lk.jpg,1
v-Two4Z-u5s,Kris Jenner GONE MAD After Khloe's REAL Father Came To Light,thumbnails/v-Two4Z-u5s.jpg,1
KA8WjgM5Gp4,Travis Barker Found Evidence of Kourtney Shared Baby With Justin Bieber,thumbnails/KA8WjgM5Gp4.jpg,1
xovCsye3VJs,Kris Jenner's LEAKED VIDEO Shows How She P!MPED OUT Her Daughters To Diddy's Freak Offs,thumbnails/xovCsye3VJs.jpg,1
dlotjOnJ1mo,Scott Disick DESTROYED Kris Jenner For Trying Sacrifice Him For Her Show's Ratings,thumbnails/dlotjOnJ1mo.jpg,1
NXe_oV5f5DQ,Kim K BREAKS DOWN After Being Removed From Dolce & Gabbana,thumbnails/NXe_oV5f5DQ.jpg,1
TmCLkPRSKws,Kim K GONE MAD After Rihanna ALLEGES That Kim is Trying To Hook Up With A$AP Rocky,thumbnails/TmCLkPRSKws.jpg,1
cUX3wQym7mQ,90 Day Fiancé: Angela BREAKS DOWN After Michael SUED Her For Treating Him Like A Slave,thumbnails/cUX3wQym7mQ.jpg,1
40HD4g2PSy0,Kris's REPUTATION DESTROYED After DNA Results Shows Khloe Is Not A Kardashian?,thumbnails/40HD4g2PSy0.jpg,1
7NzPMgM3V8M,Kim K FREAKS OUT After North West REVEALED She P!MPED Her Out | North Left Kim K,thumbnails/7NzPMgM3V8M.jpg,1
Y4uTw3NUxYE,Kylie Jenner GONE MAD After Kris Kicked Her Out Of Family Due To Her Looks,thumbnails/Y4uTw3NUxYE.jpg,1
Knpq7aGFlhI,Angela BREAKS DOWN After Michael FILLED FOR Temporary Protection Order Against Her | 90 Day Fiancé,thumbnails/Knpq7aGFlhI.jpg,1
jIvgzOejsT8,Kim K GONE MAD After Anna Wintour Kicked Her Out Of Fashion Show,thumbnails/jIvgzOejsT8.jpg,1
OZWROTl1apQ,Kim K GONE MAD After Balenciaga CUT TIES With Her,thumbnails/OZWROTl1apQ.jpg,1
hsuB3wkSQAA,Kourtney K FILED For $500M In FAMILY COURT Through DIVORCE SETTLEMENT From Travis Barker,thumbnails/hsuB3wkSQAA.jpg,1
41X-FsUJ82I,Taylor Swift DEMOLISHED Kim K In New Diss Track | Kim BEGGING Her To Stop,thumbnails/41X-FsUJ82I.jpg,1
7Dfm_dEcaCA,"Kim K ""GONE MAD"" After Kourtney and Travis END Relationship With Her",thumbnails/7Dfm_dEcaCA.jpg,1
hxAt3Njp80k,Justin Bieber Mom SUED Kim K And Kourtney For Misusing Justin,thumbnails/hxAt3Njp80k.jpg,1
fYLGb7R0lQg,Khloe BREAKS DOWN As Kim K Called Her Not Kardashian,thumbnails/fYLGb7R0lQg.jpg,1
5kuOMqm87Vw,Travis REAVELD How Kris Jenner Tried Kourtney's Miscarriage,thumbnails/5kuOMqm87Vw.jpg,1
jV4UBKqxnH0,Britney Spears EXPOSES Kim Kardashian As Diddy’s Handler,thumbnails/jV4UBKqxnH0.jpg,1
fjCuo7J8GJo,Kim K GONE MAD After Paris Hilton EXPOSED Her Betrayal. How Kim Stole Travis Barker and Dated Him,thumbnails/fjCuo7J8GJo.jpg,1
gvGuAFYCk0s,Kris Jenner GONE MAD After Anna Wintour Declares Kardashians Irrelevant,thumbnails/gvGuAFYCk0s.jpg,1
vgnMn5VM0YY,Caitlyn Jenner REVEALS Kris's Relationship With O.J. Simpson | Kris Jenner Breaks Down,thumbnails/vgnMn5VM0YY.jpg,1
8dIUX3H1zVA,Kourtney BREAKS DOWN Exposing Kim K's Attempt To Ruin Her Marriage With Travis Barker,thumbnails/8dIUX3H1zVA.jpg,1
YRNiaxSDUzI,Kris Jenner is HOMELESS: IRS SEALED Her Bank Accounts And Properties After RAID On Kris's Church,thumbnails/YRNiaxSDUzI.jpg,1
jCtJpzIKre8,Ellen DeGeneres BREAKS DOWN After Justin Bieber SUED Her For Misusing Him When He Was A Minor,thumbnails/jCtJpzIKre8.jpg,1
4wpyqd-9EKk,"Kim K ""GONE MAD"" After North CHOOSE To Live With Kanye And Bianca",thumbnails/4wpyqd-9EKk.jpg,1
BLgtUKaznTs,Caitlyn Jenner REVEALS Khloe Is Not A Real Kardashian | Kris Jenner Breaks Down,thumbnails/BLgtUKaznTs.jpg,1
2Ci82u5RTCI,Before Passing O.J. Simpson Admitted Having Affair With Kris Jenner Reason Of Nicole's Death,thumbnails/2Ci82u5RTCI.jpg,1
3rRbJAVW0IA,😱 Momentos MAS RESPETUOSOS del Fútbol,thumbnails/3rRbJAVW0IA.jpg,1
RO6xdATAux0,😱 Momentos de TARJETAS ROJAS Más Legendarias en el Fútbol,thumbnails/RO6xdATAux0.jpg,1
kyBD1Y8AbS8,😱 Momentos de Tarjetas Rojas en el Fútbol (100% INCREIBLE),thumbnails/kyBD1Y8AbS8.jpg,1
znq_KaV1fdg,Top 10 Times Kim Kardashian Was Caught LYING To Everyone,thumbnails/znq_KaV1fdg.jpg,1
5dZcMzfGVpM,"""Katt Speaks Truth!"" Arnold Schwarzenegger Reveals How Hollywood RUINED Him",thumbnails/5dZcMzfGVpM.jpg,1
o6tKtZbtMBI,CREATIVE People On ANOTHER LEVEL,thumbnails/o6tKtZbtMBI.jpg,1
POXPylU2WkA,CRAZIEST Things Caught on Camera,thumbnails/POXPylU2WkA.jpg,1
9x_h9DiA5vY,Kids Trolling Parents,thumbnails/9x_h9DiA5vY.jpg,1
QDHU6_6WCPA,Strange Things You Can't Explain,thumbnails/QDHU6_6WCPA.jpg,1
Mzoo3FY5H9c,People Having a Really Bad Day,thumbnails/Mzoo3FY5H9c.jpg,1
KjwOYQwUzGQ,World's Strongest Hydraulic Press,thumbnails/KjwOYQwUzGQ.jpg,1
WgJufB10xu0,World's Dumbest People!,thumbnails/WgJufB10xu0.jpg,1
blSBrCU9bkY,You Had One Job..,thumbnails/blSBrCU9bkY.jpg,1
peX2_vLCsV4,Things You've Been Doing Wrong,thumbnails/peX2_vLCsV4.jpg,1
JlHt9pEJvGw,Cobra Kai Season 4 Will Change EVERYTHING...Here's How!,thumbnails/JlHt9pEJvGw.jpg,1
YQ5j43wKGZY,Tom Holland Finally Announces His Relationship with Zendaya,thumbnails/YQ5j43wKGZY.jpg,1
-xgS3i3N2qU,Zendaya and Tom Holland Finally Confirm Their Relationship,thumbnails/-xgS3i3N2qU.jpg,1
m7WpmpenK6s,"""I'm Divorcing Her"" Justin Bieber Reveals He Wants To Divorce Hailey Bieber!",thumbnails/m7WpmpenK6s.jpg,1
MG2eU0kMX64,Kris Jenner BREAKS DOWN After FBI RAIDED Her In Connection With Kim Porter’s Murder,thumbnails/MG2eU0kMX64.jpg,1
BBEFdClXkoA,Kourtney K FREAKS OUT After Justin Bieber Confirmed He Has A Son With Kourtney,thumbnails/BBEFdClXkoA.jpg,1
6HwYbSAqEn8,Kanye West REVEALS Kim K Wants His Money. Kim Is Now Bankrupt,thumbnails/6HwYbSAqEn8.jpg,1
uaUj_uSSSaM,Ronaldo & Portugal out by France | Ronaldo Retired Facts & Opinions,thumbnails/uaUj_uSSSaM.jpg,1
a9mvxtKgP4s,😱 Momentos de REACCIONES ÉPICAS en el Fútbol,thumbnails/a9mvxtKgP4s.jpg,1
hphlFlAfM6I,😂 MOMENTOS DE KARMA en el Fútbol,thumbnails/hphlFlAfM6I.jpg,1
AiJeLPzfu4M,🤬 Momentos de FALTAS de Respeto en el Fútbol,thumbnails/AiJeLPzfu4M.jpg,1
UGAevXcg_WQ,10 Sentences That Changed Neymar's Life,thumbnails/UGAevXcg_WQ.jpg,1
iyzEB1D7F4g,What Football Legends REALLY Think Of Messi...,thumbnails/iyzEB1D7F4g.jpg,1
uUt978D_4Vg,It is Impossible to Forget! 20 Funniest Moments in Sports,thumbnails/uUt978D_4Vg.jpg,1
ZecxFFqj6Dk,MOMENTS YOU WONT REGRET WATCHING!,thumbnails/ZecxFFqj6Dk.jpg,1
t_4jM5vod2A,FUNNY IDIOTS AT WORK,thumbnails/t_4jM5vod2A.jpg,1
45cttyC4ZJw,It is Impossible to Forget! 20 Funniest Moments in Sports,thumbnails/45cttyC4ZJw.jpg,1
-RYyTgWNlIw,Funny Moments in Women's Football,thumbnails/-RYyTgWNlIw.jpg,1
OClHVaZnx0c,0% Sportsmanship in Football,thumbnails/OClHVaZnx0c.jpg,1
_ShVkz3kYUI,The Worlds Most Expensive Gym ($2500 a month),thumbnails/_ShVkz3kYUI.jpg,1
_W5Jd-YtMjE,"EXCLUSIVE: ""Rihanna Calls Out Saweetie for Alleged Affair with ASAP Rocky""",thumbnails/_W5Jd-YtMjE.jpg,1
-y0nld4Yv40,I Was In MrBeast's New Video AND WON!,thumbnails/-y0nld4Yv40.jpg,1
0oZM27yfnjM,"The REAL story of how Elon ""stole"" Tesla",thumbnails/0oZM27yfnjM.jpg,1
1XbDoj1aOrM,I Tested The World’s Most Expensive Hotel,thumbnails/1XbDoj1aOrM.jpg,1
1cL9CRS5n28,World's Most Expensive Train Ticket!,thumbnails/1cL9CRS5n28.jpg,1
1wj3Ba6-dzg,My Little Sister’s ANGRY Stalker Came Back For Revenge!,thumbnails/1wj3Ba6-dzg.jpg,1
1zKz9s9D7dU,My Daughter Survives WORLD'S RICHEST PARENTS,thumbnails/1zKz9s9D7dU.jpg,1
2DAnEEduSkY,CONSTRUÍ UM QUARTO SECRETO NA MINHA CASA!,thumbnails/2DAnEEduSkY.jpg,1
2jRQG3l9I_I,₹18 LAKH Ka HAIRCUT Kaisa Dikhta Hai Dekho! Most Expensive Luxury Haircut and Many Random Facts,thumbnails/2jRQG3l9I_I.jpg,1
3PjFBowJV6E,Top 10 Dark Celebrity Secrets EXPOSED In 2023,thumbnails/3PjFBowJV6E.jpg,1
3g_uG81OjNQ,ESCONDE ESCONDE EXTREMO DE FUGITIVOS!,thumbnails/3g_uG81OjNQ.jpg,1
4Ysfya6XYjk,100 DARES in 24 HOURS!,thumbnails/4Ysfya6XYjk.jpg,1
5G3CbYVzw6M,Living In A NUCLEAR BUNKER For 24 Hours!,thumbnails/5G3CbYVzw6M.jpg,1
5ZO5_CfTMoc,Royalty Family Controls My Daughter's Life For 24 Hours,thumbnails/5ZO5_CfTMoc.jpg,1
5ZX_eypUHns,365 PRANKS IN 365 DAYS!!,thumbnails/5ZX_eypUHns.jpg,1
5atRcJCTD5s,CONSTRUÍ 4 QUARTOS SECRETOS QUE VOCÊ NUNCA ENCONTRARIA!,thumbnails/5atRcJCTD5s.jpg,1
7NBGJu5BKcY,Boss Gets BRUTALLY Fired On The Spot In Undercover Boss!,thumbnails/7NBGJu5BKcY.jpg,1
7Y0MFQNQYsY,I Found a Secret Explosive Chip in My Friend's Head,thumbnails/7Y0MFQNQYsY.jpg,1
7dbZUuSqJDs,OVERNIGHT in WORLD'S LARGEST MALL *24 Hour Challenge*,thumbnails/7dbZUuSqJDs.jpg,1
7jZ7-kFWAQY,Surviving the MEANEST Boss for a Day,thumbnails/7jZ7-kFWAQY.jpg,1
08jhf7tSmmQ,A Scary Old Lady Broke into Our House!! *CREEPY* | Jancy Family,thumbnails/08jhf7tSmmQ.jpg,1
9PNpRQYMhas,"BUSTING 1,000 MYTHS IN 24 HOURS!",thumbnails/9PNpRQYMhas.jpg,1
36hOAcUWEiM,7 Times Jada Embarrassed Will Smith,thumbnails/36hOAcUWEiM.jpg,1
76qnNkZ6-bA,Sneaking Into Celebrity Pools,thumbnails/76qnNkZ6-bA.jpg,1
92bGRcDLs38,Top 10 Celebrity Couple Fights Caught On Camera In Public,thumbnails/92bGRcDLs38.jpg,1
489M-IfTT4M,IRISH TRAVELLERS INVADE our campsite and it all KICKED OFF!,thumbnails/489M-IfTT4M.jpg,1
945lkzMIZWU,"Who Is Richer: Sylvester Stallone or Jackie Chan?  | Net Worth, Car Collection, Mansion...",thumbnails/945lkzMIZWU.jpg,1
AfOfPUyY5mA,My Dog Found Blood..,thumbnails/AfOfPUyY5mA.jpg,1
AmFHamyaCHY,I Went Back to College for a Week!,thumbnails/AmFHamyaCHY.jpg,1
at9qQUJj-Po,"Jason Statham's Lifestyle 2024, Wife, Kids, Family, Net worth, House, Affairs, Facts & Biography",thumbnails/at9qQUJj-Po.jpg,1
B5TcZ_EN4AY,100 PRISONERS ESCAPE FROM JAIL!,thumbnails/B5TcZ_EN4AY.jpg,1
BAbPkzVRwv4,I Trained To Fight Jake Paul!,thumbnails/BAbPkzVRwv4.jpg,1
b9eqDjjiB78,"Traveling 1,000 Miles Home With NO MONEY!",thumbnails/b9eqDjjiB78.jpg,1
bympMYTNS1s,Living For FREE In World's Richest Country,thumbnails/bympMYTNS1s.jpg,1
Co75ug5wf7g,Piers Morgan Interviews Woman Who Killed Her Entire Family | Erin Caffey | True Crime Interview,thumbnails/Co75ug5wf7g.jpg,1
cCt9fbYrMgI,ME ESCONDI DE UM ASSASSINO POR 24 HORAS 🔪🏃🏻,thumbnails/cCt9fbYrMgI.jpg,1
cfKi70A-6iY,"I Ate In The World's Fanciest Hotel ($100,000)",thumbnails/cfKi70A-6iY.jpg,1
cmLCl67cM7U,Shocking Secrets about Deepika Padukone,thumbnails/cmLCl67cM7U.jpg,1
DbEnEom2lS4,24 PRANKS IN 24 HOURS,thumbnails/DbEnEom2lS4.jpg,1
djk9pncv5PE,I Found The Stalker's House!,thumbnails/djk9pncv5PE.jpg,1
ED5ZQr7oA2w,TROLEI O VOID! (SOU O REI DAS PEGADINHAS?),thumbnails/ED5ZQr7oA2w.jpg,1
Elf049m0V7k,Try Not To Laugh: IRL,thumbnails/Elf049m0V7k.jpg,1
ExlQrDusHoA,"I Bought 1,000 Weird Amazon Products! *DONT BUY*",thumbnails/ExlQrDusHoA.jpg,1
ePzkMP3tFZ4,I Tested the Weirdest Amazon Items,thumbnails/ePzkMP3tFZ4.jpg,1
exPWhTeIr-4,We CAUGHT Suri TALKING To A GHOST in Her CLOSET!! *Scary* | Jancy Family,thumbnails/exPWhTeIr-4.jpg,1
F1FWlTnv1as,I Built Micro Stores in my House!,thumbnails/F1FWlTnv1as.jpg,1
fSTwONwagXY,I Visited World's Most Expensive Gym,thumbnails/fSTwONwagXY.jpg,1
GCPFFF1aGD0,My Daughter Pranks Ben Azelart For 24 Hours *subscriber dares*,thumbnails/GCPFFF1aGD0.jpg,1
GOl90WKhbJ0,Making $0.01 For Every Step I Take!,thumbnails/GOl90WKhbJ0.jpg,1
gRCYUmEuL1E,CRUZEI O ESTADO COM R$0!,thumbnails/gRCYUmEuL1E.jpg,1
gyE7IphL90E,MY HAIR WON’T STOP GROWING!,thumbnails/gyE7IphL90E.jpg,1
h-KlE2jXGn0,Busting TikTok Summer Hacks that will SHOCK YOU!,thumbnails/h-KlE2jXGn0.jpg,1
hDv_RnTSn2Q,Our Most EXTREME House Makeovers! | The Royalty Family,thumbnails/hDv_RnTSn2Q.jpg,1
IWEceQZjdeY,"QUEM SAIR DA SUA POSIÇÃO PRIMEIRO, PERDE:  50 HORAS SENTADO!",thumbnails/IWEceQZjdeY.jpg,1
IejJgRxE50o,GLI ALIENI HANNO COSTRUITO LE PIRAMIDI D'EGITTO?,thumbnails/IejJgRxE50o.jpg,1
IvARDGELg8U,My Friends Did NOT Notice Me Drowning,thumbnails/IvARDGELg8U.jpg,1
J0oOfPQVe9A,Busting 100 Myths In 24 Hours!,thumbnails/J0oOfPQVe9A.jpg,1
jDR46dlyEBU,You Lie... You Jump!,thumbnails/jDR46dlyEBU.jpg,1
jb0Ll_DcwXQ,QUEBREI 1.001 LEIS EM MENOS DE 24 HORAS!,thumbnails/jb0Ll_DcwXQ.jpg,1
KAw1hv2528A,I Took The World's CHEAPEST VACATION!,thumbnails/KAw1hv2528A.jpg,1
KDP74u_-mgw,"6 Bollywood Celebrities FIGHTS with Each other | Salman Khan, Arjit Singh, Riteish Deshmukh, Mithoon",thumbnails/KDP74u_-mgw.jpg,1
KTwZIUDCj0s,PASSEI A NOITE EM MAIS LUGARES EXTREMOS! (ESPECIAL DE 1 HORA),thumbnails/KTwZIUDCj0s.jpg,1
Kg40XWMH6HE,Exposing the Truth About my Paranormal Videos.,thumbnails/Kg40XWMH6HE.jpg,1
k7dfgOh3AE4,Nonsense! Russia's Economy Will NOT Collapse,thumbnails/k7dfgOh3AE4.jpg,1
ky1xYImBNnw,We Found My STALKER’S SECRET HIDING PLACE!,thumbnails/ky1xYImBNnw.jpg,1
LtwYj60tbBo,Top 10 Ways Will Smith Destroyed His Career,thumbnails/LtwYj60tbBo.jpg,1
l-Dq0q1lvJs,The FBI is Shutting Us Down!,thumbnails/l-Dq0q1lvJs.jpg,1
lml3IusuCGY,The Real Reason Hollywood Won't Cast Jada Pinkett Smith Anymore - Part 2,thumbnails/lml3IusuCGY.jpg,1
M3XPcfF5drM,I Lived With a Billionaire For 24 Hours,thumbnails/M3XPcfF5drM.jpg,1
MZEIGoEfQO0,I Snuck Onto Secret Billionaire Private Islands,thumbnails/MZEIGoEfQO0.jpg,1
mQe0SkiJg5U,STOP the POD going NUCLEAR! ☢,thumbnails/mQe0SkiJg5U.jpg,1
mzy0seVwG4Q,Ignoring Him for 24 Hours Prank !,thumbnails/mzy0seVwG4Q.jpg,1
N80RbQiILS8,Ellen Degeneres REVEALS Cause Of FAILED MARRIAGE To Portia De Rossi,thumbnails/N80RbQiILS8.jpg,1
NuZzanfgZZg,Our Most Expensive Commander Game EVER | Big Deck Energy | Magic: the Gathering Commander,thumbnails/NuZzanfgZZg.jpg,1
nA_4LsXeunI,SINKING UNDERWATER in a SUBMARINE! I Built a Giant DIY Sub for Vy Try Not To Float Pool Challenge!,thumbnails/nA_4LsXeunI.jpg,1
nWUGgh21Y6U,CONSTRUÍ UM QUARTO SECRETO NA ESCOLA!,thumbnails/nWUGgh21Y6U.jpg,1
nuNI7tr0YZE,I Ate The Best Burgers In The World!,thumbnails/nuNI7tr0YZE.jpg,1
nylMy-vC49E,Kid Gets BULLIED For Having AUTISM!!,thumbnails/nylMy-vC49E.jpg,1
oC2o2-Nteyw,i Survived the World's STRICTEST Babysitter,thumbnails/oC2o2-Nteyw.jpg,1
oJrNJhsQrFc,We Found Somebody Inside Our House! *Shocking* | Jancy Family,thumbnails/oJrNJhsQrFc.jpg,1
obVg0R4J4NU,I Accidentally Helped a Prisoner Commit a Crime,thumbnails/obVg0R4J4NU.jpg,1
omEdhW-n0qc,Can I Find REAL GOLD?! (4% Chance),thumbnails/omEdhW-n0qc.jpg,1
PXThMrVZo50,POSSESSED KIDS CAME TO MY HOUSE,thumbnails/PXThMrVZo50.jpg,1
PwASYy9EGWQ,Mr. Bean FINALLY Confirms The Rumours Are True,thumbnails/PwASYy9EGWQ.jpg,1
pMkVNcZOQ8I,Old Spy Ninja Tried to Kidnap Me!,thumbnails/pMkVNcZOQ8I.jpg,1
pazy2kJBSU4,ENFRENTEI TODOS OS DESAFIOS OLÍMPICOS EM 24 HORAS!,thumbnails/pazy2kJBSU4.jpg,1
QJQ-m3JsLZw,We TESTED a Product To Make Your Car INVISIBLE?!,thumbnails/QJQ-m3JsLZw.jpg,1
QNUO3gi4-80,I Asked 100 Stores For a Free Item.. *IT WORKED*,thumbnails/QNUO3gi4-80.jpg,1
QWczX290t-Y,I Put the World's Most Dangerous Virus on the Boss's Computer,thumbnails/QWczX290t-Y.jpg,1
Q_9IocXiDQA,UNDERCOVER Celebrities SHOCK The Judges on AGT & BGT!,thumbnails/Q_9IocXiDQA.jpg,1
QaKFIdd5BOA,I Survived 30 Days of Boxing!,thumbnails/QaKFIdd5BOA.jpg,1
QeemTmz-EEs,I Built the World’s Biggest Sign for My Theme Park,thumbnails/QeemTmz-EEs.jpg,1
QoFbDEB3O10,100 Hour Overnight Survival Challenge!,thumbnails/QoFbDEB3O10.jpg,1
qEvi05smvQU,Testing Scary Minecraft Mysteries That Are Insane!,thumbnails/qEvi05smvQU.jpg,1
qRH23qaidbw,IGNORING MY BEST FRIENDS FOR 24 HOURS,thumbnails/qRH23qaidbw.jpg,1
qY9UDhRqYyQ,Sneaking Into a Taylor Swift Concert!,thumbnails/qY9UDhRqYyQ.jpg,1
r8GGcOTaX0A,MY POSSESSED DOG BIT MY BOYFRIEND!,thumbnails/r8GGcOTaX0A.jpg,1
rI4QRw7z220,Busting 24 MYTHS in 24 Hours!,thumbnails/rI4QRw7z220.jpg,1
rdZNx-bFEyM,Vin Diesel VS Jason Statham - LIFESTYLE WAR,thumbnails/rdZNx-bFEyM.jpg,1
S-urPnZysx0,I Built a SECRET Tree House in My Backyard!,thumbnails/S-urPnZysx0.jpg,1
Sl6NVYg_Gyo,SOBREVIVI A 24 PERIGOS EXTREMOS EM 24 HORAS!,thumbnails/Sl6NVYg_Gyo.jpg,1
Smw02vXKClE,Living on a Raft In The Ocean!,thumbnails/Smw02vXKClE.jpg,1
sAvS0dBgRoE,CONSTRUÍ UM PARQUE AQUÁTICO NA MINHA CASA!,thumbnails/sAvS0dBgRoE.jpg,1
t29uk3lBAig,Eating Middle School Food for 100 Hours!! | Stokes Twins,thumbnails/t29uk3lBAig.jpg,1
tQlzkpxRskY,I Built 50 SECRET Rooms You'd Never Find!,thumbnails/tQlzkpxRskY.jpg,1
t_ZCyb69awE,Got FOLLOWED By The STALKER Right After We LEFT Target... *SCARY* | Jancy Family,thumbnails/t_ZCyb69awE.jpg,1
tvyiIZb90vg,PERSEGUI UM PALHAÇO POR 24 HORAS! O FIM?,thumbnails/tvyiIZb90vg.jpg,1
U1bUwDxBu4Y,Never Have I Ever: IRL,thumbnails/U1bUwDxBu4Y.jpg,1
U7d8-kC8-yA,QUEBREI TODAS AS LEIS DOS PARQUES DE DIVERSÃO DOS ESTADOS UNIDOS!,thumbnails/U7d8-kC8-yA.jpg,1
UAtycCi4Gu8,TRAPPED in a TINY HOUSE,thumbnails/UAtycCi4Gu8.jpg,1
UTH-B5E46O0,Impractical Jokers: IRL,thumbnails/UTH-B5E46O0.jpg,1
uJ24-lI5gZM,Billionaires Most Expensive Homes,thumbnails/uJ24-lI5gZM.jpg,1
uOSJQa6ARbE,SNEAKING Across The Entire UK For Free,thumbnails/uOSJQa6ARbE.jpg,1
ux5czE-rEYU,CONSTRUÍ UM QUARTO SECRETO NA PRAIA! *Desafio Épico,thumbnails/ux5czE-rEYU.jpg,1
VHvRwPO5W5k,we Found an ALLIGATOR in our Backyard!,thumbnails/VHvRwPO5W5k.jpg,1
VbUzlWTMCTE,A Real Ghost Hunter Investigated My NEW House.. **shocking**,thumbnails/VbUzlWTMCTE.jpg,1
VlDTMIgGbRo,I Tested 1-Star Drive Thrus,thumbnails/VlDTMIgGbRo.jpg,1
vjrXPNfkm5E,My NEW HOUSE is a HOTEL... but something is SUS,thumbnails/vjrXPNfkm5E.jpg,1
WJXpPZI-RnM,The Real Reason Hollywood Won't Cast Jada Pinkett Smith Anymore,thumbnails/WJXpPZI-RnM.jpg,1
W_CG_FiYeec,Can I Climb a Mountain in $4 Shoes?,thumbnails/W_CG_FiYeec.jpg,1
WsRm8MoFJjc,IGNORING LEXI FOR 24 HOURS PRANK!,thumbnails/WsRm8MoFJjc.jpg,1
wR6Ot1dmXCI,We Are NEVER Coming Back To This Haunted Lake Again..,thumbnails/wR6Ot1dmXCI.jpg,1
wRH5nL3TqpY,HIDING FROM MY PARENTS AT HOME! (THEY FREAKED OUT) | The Royalty Family,thumbnails/wRH5nL3TqpY.jpg,1
XUGEf2MG6j4,We ROBBED the APPLE STORE.. 😱 | The Royalty Family,thumbnails/XUGEf2MG6j4.jpg,1
XV7hjB00k9Y,We Found a STRANGER in Our HOUSE While We Were AWAY!! | Jancy Family,thumbnails/XV7hjB00k9Y.jpg,1
XuNqMOGENZk,Our Son's EPIC 14th Birthday Surprise,thumbnails/XuNqMOGENZk.jpg,1
XuPq9PXp8Kk,Will Smith and Jada Pinkett Smith: Weirdest Details About Their Marriage |⭐ OSSA,thumbnails/XuPq9PXp8Kk.jpg,1
XuuV5Z5SJak,7 DIAS EM BUSCA DO ANIMAL MAIS RARO DO PLANETA (VLOG DE 1 HORA),thumbnails/XuuV5Z5SJak.jpg,1
xxz01CWHz-c,Don't Be the Last to Find the Secret Room!,thumbnails/xxz01CWHz-c.jpg,1
Y3-VtJB2Xec,HAUNTED DOLL POSSESSED ME!,thumbnails/Y3-VtJB2Xec.jpg,1
ygtjdGU3Ki0,Traci Braxton's Husband REVEALS Braxton Family ALL Secrets,thumbnails/ygtjdGU3Ki0.jpg,1
ZWk2E1ppcRo,North West is still DRAGGING Kim as Kanye's daughter💀,thumbnails/ZWk2E1ppcRo.jpg,1
ZkLvE2wsr8M,How To Sneak Candy into World's Strictest School!,thumbnails/ZkLvE2wsr8M.jpg,1
z0BwHBp8CQI,BREAKING THE CRAZIEST LAWS For 24 Hours **SHOCKING** | Stokes Twins,thumbnails/z0BwHBp8CQI.jpg,1
YkIN3TyDLFk,I Crossed Switzerland In A Perfectly Straight Line - Day 4,thumbnails/YkIN3TyDLFk.jpg,1
_7VXXHn-AaY,I Crossed France In A Perfectly Straight Line - Day 3,thumbnails/_7VXXHn-AaY.jpg,1
nY0PhNhogYw,I Crossed The UK In A Perfectly Straight Line - Day 2,thumbnails/nY0PhNhogYw.jpg,1
dUaTLrPXQCE,I Crossed Ireland In A Perfectly Straight Line - Day 1,thumbnails/dUaTLrPXQCE.jpg,1
hUmTKH68EVE,I Tried Banned Inventions,thumbnails/hUmTKH68EVE.jpg,1
vgd20co9vp8,Invisible Driver Prank,thumbnails/vgd20co9vp8.jpg,1
UmQDj32kuMg,"I Spent $100,000 On Facebook Marketplace!",thumbnails/UmQDj32kuMg.jpg,1
NuJ2cgz_oJw,"I Opened A FREE Store, But There’s Alligators…",thumbnails/NuJ2cgz_oJw.jpg,1
taaxeeLu9D0,I TRICKED Bill Gates Into Stealing A $1.00 Bill!,thumbnails/taaxeeLu9D0.jpg,1
N2O9lveUsyg,I Survived For 24 Hours In The Bermuda Triangle,thumbnails/N2O9lveUsyg.jpg,1
TlxP5R2afX0,SNEAKING Into Super Bowl 2021!,thumbnails/TlxP5R2afX0.jpg,1
GpW2cjNOukk,"I Spent $1,000 on The STRANGEST Facebook Marketplace Ads",thumbnails/GpW2cjNOukk.jpg,1
0XO2rDF0eAc,CONSTRUÍ UM MC DONALD’S SECRETO NA CASA DO MEU AMIGO!,thumbnails/0XO2rDF0eAc.jpg,1
H4tkcoqQi60,SOBREVIVI SOZINHO NA SELVA POR 24 HORAS!,thumbnails/H4tkcoqQi60.jpg,1
al2TSUUNBzM,QUEBREI TODAS AS LEIS EM UM PARQUE DE CAMAS ELÁSTICAS!,thumbnails/al2TSUUNBzM.jpg,1
uXbEQNuvfVo,Most Embarrassing Moments XI,thumbnails/uXbEQNuvfVo.jpg,1
kNxPgau9Ib8,Optical Illusions That Will Trick Your Eyes,thumbnails/kNxPgau9Ib8.jpg,1
Q9UDoY9ezVw,People *STUCK* In Weird Places 😂,thumbnails/Q9UDoY9ezVw.jpg,1
Z0Tob4eL18w,DUMB Life Hacks That Actually Exist,thumbnails/Z0Tob4eL18w.jpg,1
4qVY3qLI-0k,Craziest Discoveries Around The World,thumbnails/4qVY3qLI-0k.jpg,1
DYEAzLrFCoQ,CRAZIEST Things Found in the WORLD,thumbnails/DYEAzLrFCoQ.jpg,1
UUZ6O73_ydM,100 Extremely Dumb People,thumbnails/UUZ6O73_ydM.jpg,1
iKHbaZb7oDI,People Who Got Very LUCKY 😮,thumbnails/iKHbaZb7oDI.jpg,1
qY4fw81Wzoo,Most Evil Kids On The Internet,thumbnails/qY4fw81Wzoo.jpg,1
EJBsIbPegEk,Cringiest Moments,thumbnails/EJBsIbPegEk.jpg,1
pdtS2KQyRd4,Guess What Happens Next,thumbnails/pdtS2KQyRd4.jpg,1
ppPE2qKrong,Laugh = Lose $100,thumbnails/ppPE2qKrong.jpg,1
IA2LgeFqWjY,World's Most SPOILED Kids,thumbnails/IA2LgeFqWjY.jpg,1
rQys5X0JqFs,Try Not To Laugh Challenge (IMPOSSIBLE),thumbnails/rQys5X0JqFs.jpg,1
kmmNVLiC_nQ,Amazon Items That Should NOT Be Sold!,thumbnails/kmmNVLiC_nQ.jpg,1
HGd81Eft1eA,I FOUND Weird Amazon Items! *CRINGE*,thumbnails/HGd81Eft1eA.jpg,1
uYXQqhVB7uw,World's Craziest DISCOVERIES Caught On Camera!,thumbnails/uYXQqhVB7uw.jpg,1
miiefPDILZA,100 SUPER HUMAN World Records!,thumbnails/miiefPDILZA.jpg,1
tiC8P7Kr2Ak,RARE People With Unbelievable Hidden TALENT!,thumbnails/tiC8P7Kr2Ak.jpg,1
n_Ay5c0iz_U,World's Most SKILLED People! ft. ZHC,thumbnails/n_Ay5c0iz_U.jpg,1
0BEAXgoHsrw,World's Most EVIL KIDS!,thumbnails/0BEAXgoHsrw.jpg,1
rk7tNQ4puSA,FUNNIEST Criminals Caught in 4k,thumbnails/rk7tNQ4puSA.jpg,1
9jJYKp4xtGM,Most *RARE* Things Nobody Can Explain!,thumbnails/9jJYKp4xtGM.jpg,1
3e-Fflqh98M,Most UNLUCKY People in the World!,thumbnails/3e-Fflqh98M.jpg,1
pBEY-9vaTy4,French Football is Dying.,thumbnails/pBEY-9vaTy4.jpg,1
gzZ-c_2Cqvo,My Euro 2024 Prediction.,thumbnails/gzZ-c_2Cqvo.jpg,1
rcsjm_VbIoY,"""I'm Over You"" Selena Gomez Reveals Why She's Forgiven Justin Bieber",thumbnails/rcsjm_VbIoY.jpg,1
hk089Z5C_d4,Travis Kelce Shares INCREDIBLE News On New Heights Podcast,thumbnails/hk089Z5C_d4.jpg,1
4_Vk_0au4Uk,5 MINUTES AGO: Taylor Swift Appears On New Heights To Discuss Marriage,thumbnails/4_Vk_0au4Uk.jpg,1
azNbpAnSiAM,The Moment We Knew Taylor Swift And Travis Kelce Were In Love,thumbnails/azNbpAnSiAM.jpg,1
siI4U3JlURs,"""Engagement In Sight"" Taylor And Travis Reveal Their Future Plans",thumbnails/siI4U3JlURs.jpg,1
bS4dxJ50-ZU,Taylor Swift Claps Back At Kim Kardashian For Dissing Her (In New Song),thumbnails/bS4dxJ50-ZU.jpg,1
yzFas2BOQbM,Taylor & Travis Announce Incredible News On New Heights Podcast!,thumbnails/yzFas2BOQbM.jpg,1
KH9o8UYjWuk,Justin Bieber CONFRONTS Kim Kardashian For Ruining His Life,thumbnails/KH9o8UYjWuk.jpg,1
0gcVq4kCGkY,BREAKING: Taylor Swift Shares Secret Plans About Travis With Selena Gomez,thumbnails/0gcVq4kCGkY.jpg,1
TaHr7mvkpL0,Taylor Swift Reacts To Kylie Jenner SLAMMING Selena Gomez At Golden Globes,thumbnails/TaHr7mvkpL0.jpg,1
EKCZHTlk24w,Justin Bieber's FURIOUS Reaction To Selena Gomez Winning A VMA With Rema,thumbnails/EKCZHTlk24w.jpg,1
DrBNiZOBhlc,Francia Raisa CONFRONTS Selena Gomez For Wasting Her Kidney,thumbnails/DrBNiZOBhlc.jpg,1
AlFYyXWALzg,Miley Cyrus CONFRONTS Justin Bieber For Fat-Shaming Selena,thumbnails/AlFYyXWALzg.jpg,1
Cbo2yT3LlkE,Selena Gomez CONFRONTS Justin Bieber For Fat-Shaming Her,thumbnails/Cbo2yT3LlkE.jpg,1
yBJu_IceZVA,Selena Gomez Finally Speaks On Her Relationship With Zayn Malik,thumbnails/yBJu_IceZVA.jpg,1
oQSOMZjUyVs,"""We Will Marry Soon"" Travis Kelce Says He is Ready For Marriage But Taylor is Not",thumbnails/oQSOMZjUyVs.jpg,1
Iv21lc2kmJA,SHOCKING! Travis Kelce REVEALS Secret Details About Taylor Swift on New Heights Podcast,thumbnails/Iv21lc2kmJA.jpg,1
xyJanu3oB58,6 MINUTES AGO: Selena Gomez CONFIRMS She is PREGNANT,thumbnails/xyJanu3oB58.jpg,1
KtXF96oWZV8,UNHINGED The Rock RAGES ON Will Smith about The Oscars | Celebrity news #trending #viral #shorts,thumbnails/KtXF96oWZV8.jpg,1
UvDNf7rtajE,"Justin Bieber Exposes Dark Secrets About Will Smith, Diddy & Clive Davis",thumbnails/UvDNf7rtajE.jpg,1
v3cHvZTpCXA,Steve Harvey DESTROYS Will Smith for Slapping Chris Rock | Celebrity News #trending #viral #shorts,thumbnails/v3cHvZTpCXA.jpg,1
BkfC9xJBfa0,Yung Miami Drops Bombshell on Diddy & Usher’s Wild Party Secrets,thumbnails/BkfC9xJBfa0.jpg,1
8vsKelGXfow,Benny Blanco Drops BOMBSHELL - Selena Gomez's Pregnancy CONFIRMED,thumbnails/8vsKelGXfow.jpg,1
BC1gY53uanM,What Really Happened On The Plane with her parents: Shiloh Jolie Pitt REVEALS | Celebrity news,thumbnails/BC1gY53uanM.jpg,1
Mp3Wi98HTUY,Jaguar Wright Shared TERRIFYING News About Will Smith and Diddy,thumbnails/Mp3Wi98HTUY.jpg,1
8PsZ6zUyNYg,"Jaguar Wright ALLEGES Will Smith & others celebs are GAY ""…You KNEW he was Gay & messing with KIDS""",thumbnails/8PsZ6zUyNYg.jpg,1
f87JmMzJ03g,"Harry Styles SPEAKS About Dating Olivia Wilde ""She's The One""",thumbnails/f87JmMzJ03g.jpg,1
SlvlAG9qbm0,THE FEDS LEAKED THIS!!! Mase REVEALS How He ESCAPED Being Diddy’s SLAVE,thumbnails/SlvlAG9qbm0.jpg,1
tNm5xVfsFvQ,Cameron Boyce Death - The Disturbing Truth,thumbnails/tNm5xVfsFvQ.jpg,1
mmoTwfxok48,Annie LeBlanc Rushed To Emergency Room,thumbnails/mmoTwfxok48.jpg,1
QP7R1304Juo,The Dark Truth About Noah Centineo,thumbnails/QP7R1304Juo.jpg,1
6QBBOF5kkys,The Feds JUST LEAKED New Footage of Jay Z & Beyonce From Diddy’s CCTV Cameras?!?,thumbnails/6QBBOF5kkys.jpg,1
nJTERjtnWTE,Kanye West Reveals The SHOCKING Truth About Obama,thumbnails/nJTERjtnWTE.jpg,1
p1fukG8boHY,Kanye West Reveals TERRIFYING SECRET About Barack Obama On His Chef,thumbnails/p1fukG8boHY.jpg,1
AVaXbRxX_0E,Kim Kardashian BREAKS DOWN After Pete Davidson Exposes Her HORRIFIC Ab*se,thumbnails/AVaXbRxX_0E.jpg,1
F8FuLOUlPSg,Lori Harvey LEAKS Disturbing FOOTAGE Of Diddy & Steve Harvey’s FR3AK OFFs!!??,thumbnails/F8FuLOUlPSg.jpg,1
nKmsYNfcp2Y,Jada Smith Embarrasses Will Smith AGAIN And Confirms Freak Off With Diddy!,thumbnails/nKmsYNfcp2Y.jpg,1
VGNRi_HBZc8,Jaguar Wright REVEALS How Kanye West Escaped Diddy's FR3AK OFFs | Diddy Forced Him?,thumbnails/VGNRi_HBZc8.jpg,1
DbjqcSKC5gw,Shannon Sharpe BLAMES Oprah Winfrey For Getting Him CANCELLED,thumbnails/DbjqcSKC5gw.jpg,1
iEuGZcgC5b8,"Diddy's Ex-Bodyguard FINALLY Confirms: ""Usher Was ASSAULTED By Diddy!""",thumbnails/iEuGZcgC5b8.jpg,1
BGzoVxPP-20,CNN Host Dana Bash LOSES IT After J.D. Vance Shreds Her Over Tim Walz's 'Stolen Valor'!,thumbnails/BGzoVxPP-20.jpg,1
g5rJmWzHUys,‘YOU BELONG WITH ME!’ Taylor Swift Sings Her Heart Out For Boyfriend Travis Kelce,thumbnails/g5rJmWzHUys.jpg,1
3mk76DTzj1w,Jaden Smith Reveals How Will Smith Sold Him To Diddy,thumbnails/3mk76DTzj1w.jpg,1
JiwBOfzICa4,Jaden Smith EXPOSES P Diddy & Breaks His Silence,thumbnails/JiwBOfzICa4.jpg,1
rsEQBT4uy-E,The CNN LEAK New EVIDENCE of Jay Z P!MPING Beyonce To Diddy?!?,thumbnails/rsEQBT4uy-E.jpg,1
X2Y1uV-D_-E,Beyonce Exp0ses Diddy’s Fr3ak0ffs With Jay Z With New Footage,thumbnails/X2Y1uV-D_-E.jpg,1
BQi71lEUfLA,BREAKING: Justin Bieber Is HIDING From Diddy After THIS Leak,thumbnails/BQi71lEUfLA.jpg,1
p2Tb4QMGHUI,'Diddy Owns Me' JAY Z EXPOSES P Diddy S*x Cult,thumbnails/p2Tb4QMGHUI.jpg,1
VkdGnjldAHU,CNN News Reveals New PROOF Of Diddy AB*SING His Mom..,thumbnails/VkdGnjldAHU.jpg,1
Jt28AqHB6gI,CNN LEAKS Footage Of Beyonce EXPOSING Jay Z & Diddy!!,thumbnails/Jt28AqHB6gI.jpg,1
9RLoPKnwwh8,Meek Mill SLAMS Diddy For Betraying Jay Z... Jay Z Put A Hit On Diddy?,thumbnails/9RLoPKnwwh8.jpg,1
Cp2VynCgcTo,Jada Pinkett CRYING After Diddy R*PED Her Son,thumbnails/Cp2VynCgcTo.jpg,1
qcsdJgJLM38,Undercover FBI Agent Exposes What He Saw In Diddy's House,thumbnails/qcsdJgJLM38.jpg,1
SfPEJh3XvxY,CNN LEAKS Official Footage Of P Diddy INCRIMINATING HIMSELF,thumbnails/SfPEJh3XvxY.jpg,1
MGCZNfWjd4I,How Rafael Nadal Took REVENGE on Tennis' Biggest Provoker! (Full Story),thumbnails/MGCZNfWjd4I.jpg,1
TcP6JQRLdi8,He Made Nadal SUPER ANGRY! What Happens Next IS SHOCKING,thumbnails/TcP6JQRLdi8.jpg,1
FFwcE_kRilo,Nick Kyrgios Casually Toying Prime Djokovic Twice in 14 Days,thumbnails/FFwcE_kRilo.jpg,1
sh3wpWZe29s,Why Tennis Players FEARED Playing Rafael Nadal!,thumbnails/sh3wpWZe29s.jpg,1
0Jl9aCB2Y0U,The HARSH Business Of Tennis...,thumbnails/0Jl9aCB2Y0U.jpg,1
lcxaiy74olA,When Umpiring Goes Horribly Wrong in Tennis,thumbnails/lcxaiy74olA.jpg,1
1xPgvAgecBY,The Day Rafael Nadal Taught his Biggest Hater a Tennis Lesson,thumbnails/1xPgvAgecBY.jpg,1
nZ_MzG0IsjM,Roger Federer Jokingly Calling Rafa Nadal a Bastard,thumbnails/nZ_MzG0IsjM.jpg,1
in2jZ4fEdN0,"The STRANGEST Match in Roger Federer's Career (Tennis ""WTF"" Upsets)",thumbnails/in2jZ4fEdN0.jpg,1
6-A4dgrRmUw,Teenage Federer Casually Humiliated Djokovic's Coach (BRUTAL & TERRIFYING Tennis),thumbnails/6-A4dgrRmUw.jpg,1
ViRHUZ4FYpE,"Djokovic's Fan DISRESPECTED Nadal, What Happens Next IS SHOCKING",thumbnails/ViRHUZ4FYpE.jpg,1
SqTyVJLlStw,Queen Letizia's forceful phrase to end a discussion with King Felipe,thumbnails/SqTyVJLlStw.jpg,1
IPwlO9vb5ig,LEONOR CRYES after REBELLING against her mother Letizia,thumbnails/IPwlO9vb5ig.jpg,1
l_J91LIPD9o,Letizia loses IMPORTANCE in the crown and is HUMILIATED by Leonor,thumbnails/l_J91LIPD9o.jpg,1
Q3fowI6Fk1I,Letizia's BRUTAL OUTBURST Causes a STIR at PUBLIC EVENT with Felipe VI,thumbnails/Q3fowI6Fk1I.jpg,1
3Mvm6-VbrPE,Leonor ESCAPES from Spain WITH HER BRAZILIAN BOYFRIEND for LOVE,thumbnails/3Mvm6-VbrPE.jpg,1
eGHk7vjpM1I,Juan Carlos CONFIRMS SEPARATION of Letizia and Felipe,thumbnails/eGHk7vjpM1I.jpg,1
rjRZPgOuXmc,Princess Leonor: Here Are All The Candidates For The Heart Of The Future Queen Of Spain,thumbnails/rjRZPgOuXmc.jpg,1
IZKIyq4lugw,This is How GAVI Lives 'with PRINCESS of SPAIN' 😱,thumbnails/IZKIyq4lugw.jpg,1
YR9ucBKrXYw,Gavi's INSANE Lifestyle IS NOT What You Think,thumbnails/YR9ucBKrXYw.jpg,1
ApeJ13IWORo,Gavi RECKLESS LIFESTYLE is NOT What You Think,thumbnails/ApeJ13IWORo.jpg,1
WN43zQNi9L8,Princess Leonor Fall in Love 😘 | Princess Leonor Future husband,thumbnails/WN43zQNi9L8.jpg,1
xOLdnZ76FRk,Who Will Be The Future Husband Of Princess Leonor Of Spain?,thumbnails/xOLdnZ76FRk.jpg,1
o4BQjitYvnk,Divorce Confirmed between king felipe vi and queen letizia of spain? uk Royal Secrets,thumbnails/o4BQjitYvnk.jpg,1
N2OfqlNSTNI,Who Is Princess Leonor's Secret Millionaire Boyfriend?,thumbnails/N2OfqlNSTNI.jpg,1
nSmprWdbPJ0,Is Princess Leonor Of Spain Dating Footballer Gavi,thumbnails/nSmprWdbPJ0.jpg,1
o11m8ddslJY,Princess Leonor of Spain and Gavi love rumors sparked again,thumbnails/o11m8ddslJY.jpg,1
NQVwPAFkfNU,Inside Princess Leonor's Secret Relationship with Gavi: The Full Story,thumbnails/NQVwPAFkfNU.jpg,1
QqIO3TGL214,Chauffeur embarrasses Queen Letizia in public at King Charles coronation,thumbnails/QqIO3TGL214.jpg,1
DDol_otKkh8,The Luxurious Lifestyle of Carlos Alcaraz,thumbnails/DDol_otKkh8.jpg,1
rOUFcq27V1A,"Carlos Alcaraz Luxury Lifestyle, Family, Mansion, Cars, Net Worth, and More",thumbnails/rOUFcq27V1A.jpg,1
TKT3fKXvt9c,"Rafael Nadal Lifestyle, Net worth And Beautiful Wife",thumbnails/TKT3fKXvt9c.jpg,1
8Cn8GloDhVY,"Carlos Alcaraz Humble Lifestyle, Biography & New Girlfriend?",thumbnails/8Cn8GloDhVY.jpg,1
bVPhfJssD0k,"Tom Brady's Lifestyle 2022 | Net Worth, Fortune, Car Collection, Mansion...",thumbnails/bVPhfJssD0k.jpg,1
9ygZzBUvAqc,"The Life of Rafael Nadal [Lifestyle, Family and Tennis Career]",thumbnails/9ygZzBUvAqc.jpg,1
T1fSxZFkg7I,"Novak Djokovic RICH Lifestyle: New Babe, Big Mansion, Life's EASY..",thumbnails/T1fSxZFkg7I.jpg,1
ihU2m7c13sM,Rafael Nadal's STUNNING Family & LUXURIOUS Lifestyle!,thumbnails/ihU2m7c13sM.jpg,1
8QxKiYW6Xno,48 Genius Gadgets You Must See!,thumbnails/8QxKiYW6Xno.jpg,1
OdQ6ff4dbQw,People Who Are On ANOTHER LEVEL..,thumbnails/OdQ6ff4dbQw.jpg,1
gThNmAcknbk,The Worlds Most *EVIL KIDS*,thumbnails/gThNmAcknbk.jpg,1
S9qUllw14ng,World's Most EVIL KIDS..,thumbnails/S9qUllw14ng.jpg,1
AZJxwZRm9u8,Superhumans Living Among Us,thumbnails/AZJxwZRm9u8.jpg,1
L_1R40T6gJs,Princess Leonor And Gavi Met For The First Time! They Are In Love?,thumbnails/L_1R40T6gJs.jpg,1
LF0bNy2G6MQ,"Princess Leonor's Love Life, Which Spain Keeps A Strictly Secret",thumbnails/LF0bNy2G6MQ.jpg,1
OVmeI58ioXA,Escaped Wife Of Dubai Ruler Reveals EVERYTHING In A Shocking Interview!,thumbnails/OVmeI58ioXA.jpg,1
DsTQVgBVIoI,How Living In Monaco Made Her Life Hell. Princess Charlene,thumbnails/DsTQVgBVIoI.jpg,1
4tf0SvG-36M,Letizia made a mess to mother-in-law Queen Sofía in the cathedral!,thumbnails/4tf0SvG-36M.jpg,1
wr-hKR6HT8M,Queen Letizia pushes the Infanta Sofía so they walk away from Spain President,thumbnails/wr-hKR6HT8M.jpg,1
oSEloWv9ZRg,Times Football Fans Went TOO Far,thumbnails/oSEloWv9ZRg.jpg,1
TaZkl52N3NE,7 SECRETS Ronaldo JR is Hiding From You..,thumbnails/TaZkl52N3NE.jpg,1
8yRH3ecJRpY,Lebron James VS Cristiano Ronaldo - Lifestyle War,thumbnails/8yRH3ecJRpY.jpg,1
QjWrpD-Nqbk,Most Expensive Houses of Football Players,thumbnails/QjWrpD-Nqbk.jpg,1
0basEI52lJk,Cristiano Ronaldo vs David Beckham - LIFESTYLE BATTLE,thumbnails/0basEI52lJk.jpg,1
suxbsswhORA,Someone please stop Ellen...,thumbnails/suxbsswhORA.jpg,1
m-IsK2T45pk,How Lionel Messi Spends his Millions of Dollars,thumbnails/m-IsK2T45pk.jpg,1
wDfLOeVkC3I,This is how Cristiano Ronaldo Spends his Millions,thumbnails/wDfLOeVkC3I.jpg,1
iIAK-mJleqg,"I Trained Like ""Cristiano Ronaldo"" for a Week",thumbnails/iIAK-mJleqg.jpg,1
AOOKmn_aHxA,Cristiano Ronaldo Vs Shah Rukh Khan Cars Collection | Total Networth | 2024 | Who Is No 1,thumbnails/AOOKmn_aHxA.jpg,1
eDdUIP2efmo,"First To Mine Diamond, Keeps It!",thumbnails/eDdUIP2efmo.jpg,1
FQYXAyseutY,Busting 24 Myths In 24 Hours!,thumbnails/FQYXAyseutY.jpg,1
6p38dCSHAVc,Jamie Foxx Finally Reveals How His Friend Caused His Coma,thumbnails/6p38dCSHAVc.jpg,1
ohlFsHFs62I,Lauren Boebert Divorced Her Husband Immediately After This Happened,thumbnails/ohlFsHFs62I.jpg,1
UUGqRZgWJoM,Kylie Jenner Exposes North West For Being A Rude Diva,thumbnails/UUGqRZgWJoM.jpg,1
FUViHbnHkZI,Shadiest Diva’s: Celebs Most SAVAGE Moments💀,thumbnails/FUViHbnHkZI.jpg,1
BgljHqQpp2Y,Joan Rivers' most SAVAGE & MESSY reads💀 (Fashion Police),thumbnails/BgljHqQpp2Y.jpg,1
ZFLDzCLrnm0,10 Celebs Who Dissed Blake Lively,thumbnails/ZFLDzCLrnm0.jpg,1
SC7aUcwj_sM,20 Surprising Ways Prince William Connects With the Public,thumbnails/SC7aUcwj_sM.jpg,1
r1xsuPlKis8,15 Times Royals Were Accused of Favoritism or Nepotism,thumbnails/r1xsuPlKis8.jpg,1
OP75ThF88QU,14 TIMES Prince Philip's GAFFES Made the NEWS,thumbnails/OP75ThF88QU.jpg,1
1mYPypXQy9s,14 Shocking NOSTRADAMUS PREDICTIONS about Prince Harry You Won't Believe,thumbnails/1mYPypXQy9s.jpg,1
xi_8XEsMHdY,King Charles Makes These 20 RIDICULOUS DEMANDS Before He Travels Every Time,thumbnails/xi_8XEsMHdY.jpg,1
QFF1xB7r-8w,15 Major Obstacles Faced by Princess Catherine in Her First Year of Royalty,thumbnails/QFF1xB7r-8w.jpg,1
1r9SJNNqmBQ,15 Scandalous Stories About King Charles III's Hidden Mistresses,thumbnails/1r9SJNNqmBQ.jpg,1
HslCUAYPRA4,15 Personalities Who Clashed with Princess Diana,thumbnails/HslCUAYPRA4.jpg,1
jyeOXHJjaJc,20 Shocking Insider Interviews Exposing Royal Secrets,thumbnails/jyeOXHJjaJc.jpg,1
y_sIPi3-wBs,15 Strange Habits of Princess Anne That Shocked Everyone 👑,thumbnails/y_sIPi3-wBs.jpg,1
E5q_pEKifnA,"The Rudest Celebrities of All Time, #1 Is a Complete Jerk",thumbnails/E5q_pEKifnA.jpg,1
aT9ib0dJnfw,The Scandal That Nearly Ended Tom Cruise’s Career,thumbnails/aT9ib0dJnfw.jpg,1
YKvxy31_Wvo,Top 10 Celebrities Who Tried To Warn Us About Tom Cruise,thumbnails/YKvxy31_Wvo.jpg,1
oi_h9Qwi1ZI,Celebrities Who Vehemently Hate Tom Cruise,thumbnails/oi_h9Qwi1ZI.jpg,1
SRY_SSaM8v4,Kate Winslet Reveals SOLID Evidence That Tom Cruise Is Secretly Gay,thumbnails/SRY_SSaM8v4.jpg,1
llnRbPyRdxs,CALLUX vs W2S YOUTUBER COOK OFF CHALLENGE!,thumbnails/llnRbPyRdxs.jpg,1
bYdg2Iyq8cw,I Bought A Billion Of The World's Cheapest Currency,thumbnails/bYdg2Iyq8cw.jpg,1
j8D70ywB9y8,HIDE & SEEK IN SPURS $1 BILLION STADIUM!,thumbnails/j8D70ywB9y8.jpg,1
A8yr42L4Ep0,WHO IS THE WORST PARENT,thumbnails/A8yr42L4Ep0.jpg,1
o8MmnGivYrY,I Survived 50 Hours In Solitary Confinement,thumbnails/o8MmnGivYrY.jpg,1
PaFMAgfkpyY,I Bought The Most Expensive Plane Ticket,thumbnails/PaFMAgfkpyY.jpg,1
bCxWfMhLtmQ,I Survived 10 Days In Australia,thumbnails/bCxWfMhLtmQ.jpg,1
c0OHWLlLtuw,Rupert Grint Lifestyle/Biography 2021 - Networth | Family | Affairs | Kids | House | Cars | Pets,thumbnails/c0OHWLlLtuw.jpg,1
YIP8p6BBYyc,"Emma Watson Lifestyle 2023 | Net Worth, Car Collection, Mansion, Private Jet...",thumbnails/YIP8p6BBYyc.jpg,1
dFI2YX1TnEo,"Exploring Jamie Foxx's Mansion, Net Worth, Fortune, Car Collection...(Exclusive)",thumbnails/dFI2YX1TnEo.jpg,1
CDo9wMTFRX8,Mariah Carey Reveals Why Jennifer Lopez Is A Hollywood Snake,thumbnails/CDo9wMTFRX8.jpg,1
qXxTIRWzgxQ,"Steve Harvey's Very Private World | Net Worth, Car Collection, Mansion (Exclusive)",thumbnails/qXxTIRWzgxQ.jpg,1
Ns5W3oW_-Ac,Emma Watson Lifestyle and Net Worth 2022,thumbnails/Ns5W3oW_-Ac.jpg,1
YhiQkKRaw6Y,"Daniel Radcliffe Lifestyle 2024 ★ Net Worth, Wife, Movies, Age, Family, House, Interview & Biography",thumbnails/YhiQkKRaw6Y.jpg,1
WLhJ7F5SjoU,Here is HOW NICO WILLIAMS LIVES 🤯,thumbnails/WLhJ7F5SjoU.jpg,1
cr8o7SkyMRk,"SHOCKING! KAI HARVERTZ Lifestyle is not what you think! ( WIFE, AGE, UNTOLD STORY & NET WORTH 2024)",thumbnails/cr8o7SkyMRk.jpg,1
B9RM-2ECYIE,John Stones CHEATING Lifestyle Just Got Even...,thumbnails/B9RM-2ECYIE.jpg,1
XUiML3YTEjY,Most Disrespectful F1 Moments of All Time,thumbnails/XUiML3YTEjY.jpg,1
lF2fwDctmlU,The Most Feared Man in Football,thumbnails/lF2fwDctmlU.jpg,1
sn12irUO2xo,I Learned Extreme Camouflage to Escape the Police!,thumbnails/sn12irUO2xo.jpg,1
Dn6WWjt21mo,7 Players Who Dared To FIGHT Jaap Stam,thumbnails/Dn6WWjt21mo.jpg,1
DBhCetjhRgI,5 Players Who Dared To Fight Zlatan Ibrahimović,thumbnails/DBhCetjhRgI.jpg,1
Mbai1WDCOVM,Mistakes That Cost Football Players MILLIONS,thumbnails/Mbai1WDCOVM.jpg,1
zNBeVJnl5Cs,20 Times Football Fans Went TOO Far..,thumbnails/zNBeVJnl5Cs.jpg,1
zoH6e91-XQY,20 Most RIDICULOUS Moments In Football History..,thumbnails/zoH6e91-XQY.jpg,1
wDcR3EZYb10,Impossible 0.000001% Odds! (CRAZY),thumbnails/wDcR3EZYb10.jpg,1
RZzSv56423w,15 Times Football Fans Went TOO FAR,thumbnails/RZzSv56423w.jpg,1
13MtqiKfuL0,Neymar REVEALES What He's Been HIDING About His Kids..,thumbnails/13MtqiKfuL0.jpg,1
ZocFLJwEDkk,Neymar's LIFESTYLE Is NOT What You Think..,thumbnails/ZocFLJwEDkk.jpg,1
0BtWtOIwT9w,Unai Emery MASTERCLASS LIFESTYLE is NOT What You Think,thumbnails/0BtWtOIwT9w.jpg,1
k1QgaJIEoGg,Jack Grealish DRUNK Lifestyle Is Unbelievably...,thumbnails/k1QgaJIEoGg.jpg,1
Cf4epR-Vm24,Stupidly Expensive Things Football Players Own,thumbnails/Cf4epR-Vm24.jpg,1
IypJ-XPa41U,"Erling Haaland's Lifestyle | Mansions, Net Worth, Car Collection...",thumbnails/IypJ-XPa41U.jpg,1
DNJaLQXPSkE,Erling Haaland's Unreal Story And Exotic Lifestyle!,thumbnails/DNJaLQXPSkE.jpg,1
DnmG_2-zxps,Kevin De Bruyne SHUT UP LIFESTYLE is NOT What You Think,thumbnails/DnmG_2-zxps.jpg,1
t9WEGvzwqBM,Rodri LIFESTYLE Is NOT What You..,thumbnails/t9WEGvzwqBM.jpg,1
FLNluKfk0C4,What If Georgina Rodriguez NEVER MET Cristiano Ronaldo?,thumbnails/FLNluKfk0C4.jpg,1
kjZcgdKhbZI,"Cristiano Ronaldo Lifestyle 2025 - Income, House, Cars, Net Worth...",thumbnails/kjZcgdKhbZI.jpg,1
4JNn6iVpoIs,The Rich Lifestyle of Daniel Radcliffe,thumbnails/4JNn6iVpoIs.jpg,1
7D7QFtpb-mg,Total Wealth Of Rishi Sunak Wife Akshata Murthy | Who Is Rishi Sunak's Wife,thumbnails/7D7QFtpb-mg.jpg,1
RXp5W6qedIQ,The Luxurious Lifestyle of Rishi Sunak | Cars | Mansions | Salary,thumbnails/RXp5W6qedIQ.jpg,1
WZ68csFtawo,"Rishi Sunak Lifestyle | Biography | Income, Wife, House, Age, Family, Cars, Education, Net Worth",thumbnails/WZ68csFtawo.jpg,1
S2LBRXCECis,WATCH: Tulsi Gabbard and Donald Trump hold forum event,thumbnails/S2LBRXCECis.jpg,1
8UcuZw2iIKE,Morfydd Clark SHOCKING Facts Fans Would Not Believe..,thumbnails/8UcuZw2iIKE.jpg,1
Q4MoOAtQWkI,The CONTROVERSIAL DCU Stars That Will RUIN James Gunn..,thumbnails/Q4MoOAtQWkI.jpg,1
JpAXR2iUonA,Scarlett Johansson CONFIRMS She's Returning To Marvel...,thumbnails/JpAXR2iUonA.jpg,1
NOFHb7p5oOk,Christian Bale Thirsted Over By Female Celebrities,thumbnails/NOFHb7p5oOk.jpg,1
4QExmoLeqmY,"Elton John's Lifestyle 2021 ★ Wife & Husband, Net Worth, Houses & Cars",thumbnails/4QExmoLeqmY.jpg,1
oRzDZnSmkGw,Elton John's Lifestyle,thumbnails/oRzDZnSmkGw.jpg,1
lCYG1bTGlOQ,Elton John's Lifestyle ★ 2023,thumbnails/lCYG1bTGlOQ.jpg,1
K92VTro7vNs,"Elton John Lifestyle | Net Worth, Fortune, Car Collection, Mansion...",thumbnails/K92VTro7vNs.jpg,1
An52a50mVXs,I Built a WATERPARK In My House!,thumbnails/An52a50mVXs.jpg,1
YOhhLMmjbcA,The Rich Lifestyle of Boris Johnson in 2023,thumbnails/YOhhLMmjbcA.jpg,1
qaKKdgU_PZ0,MEGHAN MARKLE'S FRIENDS CRY FOR HER SAFETY!,thumbnails/qaKKdgU_PZ0.jpg,1
r47_0IdmCcQ,Cringe Meghan's Toxic Behavior Lip Reading at UN. IS HE BEING ABUSED/VICTIM of a Toxic Relationship?,thumbnails/r47_0IdmCcQ.jpg,1
qS7pOZRWwX0,Was Meghan Markle's Tear at Queen Elizabeth's Funeral a Fake Trick?,thumbnails/qS7pOZRWwX0.jpg,1
PBWFjdvBHuo,Kate Middleton Exposes Meghan Markle With Receipts For Lying,thumbnails/PBWFjdvBHuo.jpg,1
gkD1WiWh0Ag,Meghan Markle's 27 Year Old Daughter Revealed 😳,thumbnails/gkD1WiWh0Ag.jpg,1
fM-LDkcEFKY,The Luxurious Mansions of The Heads of State,thumbnails/fM-LDkcEFKY.jpg,1
2jSW3swKTL8,"LOSING 100,000 CALORIES IN 24 HOURS!!",thumbnails/2jSW3swKTL8.jpg,1
8QnAerFgSkU,Football Players Who Were ARRESTED!,thumbnails/8QnAerFgSkU.jpg,1
TDGDUbjp2Wc,The Reason Why Messi will NEVER buy an iPhone for his Sons..,thumbnails/TDGDUbjp2Wc.jpg,1
VFqY8vAUkCE,Football Players Who HATE Each Other,thumbnails/VFqY8vAUkCE.jpg,1
jIIRwEWO4z0,SECRET Tattoos Footballers Don’t Talk About,thumbnails/jIIRwEWO4z0.jpg,1
hedHdad5Yuk,10 Things You Didn't Know About Messi's Kids,thumbnails/hedHdad5Yuk.jpg,1
2J7iUgad4dw,"I Trained Like ""Lionel Messi"" for a Week",thumbnails/2J7iUgad4dw.jpg,1
PsftgBIY8Qg,"A LIGHTHOUSE SO HAUNTED, IT CAME WITH A WARNING",thumbnails/PsftgBIY8Qg.jpg,1
cEZRl_AB5Ao,The REAL Reason Tik-Tok Is Getting Banned In The US,thumbnails/cEZRl_AB5Ao.jpg,1
Lc7IFUodS-E,I Investigated The Miami Alien Mall Portal & Found This!,thumbnails/Lc7IFUodS-E.jpg,1
aASmbgiTLi0,I Investigated The Miami Alien Mall (Bayside Marketplace),thumbnails/aASmbgiTLi0.jpg,1
E2IL6P9Zw0I,WHAT MILLIONAIRES THROW AWAY IN THE GARBAGE | OmarGoshTV,thumbnails/E2IL6P9Zw0I.jpg,1
EzM03DMgtsY,Kursk Invasion is DISASTEROUS for Russia! | Ukraine War Update,thumbnails/EzM03DMgtsY.jpg,1
0subUTIDMj8,This China Ban Crippled All of U.S. High-Tech Weapons,thumbnails/0subUTIDMj8.jpg,1
B-0jXspTqUs,How China is Crushing the US in Tech: The Shocking Truth Revealed,thumbnails/B-0jXspTqUs.jpg,1
AsVSC54VfqI,Why Latin America Chose China (You Won't Believe What USA Did),thumbnails/AsVSC54VfqI.jpg,1
NghOZFkPNUc,World’s Strongest Man vs TANK!,thumbnails/NghOZFkPNUc.jpg,1
EuixCyNBQnw,"I BUILT A $25,000 DREAM TREEHOUSE!!",thumbnails/EuixCyNBQnw.jpg,1
R2GnpTRiplc,I Bought 100 Banned Amazon Products!,thumbnails/R2GnpTRiplc.jpg,1
K7FjCmlWvuY,"$1 vs $1,000,000 Vacation!",thumbnails/K7FjCmlWvuY.jpg,1
nGTYZRs0ljw,Eating Only ONE COLOR Food for 24 Hours!,thumbnails/nGTYZRs0ljw.jpg,1
bW4VeXchwdQ,SURVIVING 100 HOURS STRANDED AT SEA!,thumbnails/bW4VeXchwdQ.jpg,1
HJJudcpUWIk,7 EXTREME Ways To Survive For 24 HOURS!,thumbnails/HJJudcpUWIk.jpg,1
KskeGIia2Yg,"Destroy The Unbreakable Car, Win $1,000!",thumbnails/KskeGIia2Yg.jpg,1
jmumXFfwqYI,"$1 VS $100,000 WATERPARK CHALLENGE!",thumbnails/jmumXFfwqYI.jpg,1
CskyDVPbN1g,My Daughter's FIRST DAY OF HIGH SCHOOL *Hidden Cameras*,thumbnails/CskyDVPbN1g.jpg,1
3O5BsLAZCnw,С Каждым Часом Мой ДРУГ Становится на 1 ГОД СТАРШЕ !,thumbnails/3O5BsLAZCnw.jpg,1
5r1TQOTumKM,100 Myths Your Parents LIED About..,thumbnails/5r1TQOTumKM.jpg,1
mpmicJ8WbGM,I Exposed The World’s Most DANGEROUS Theme Parks!,thumbnails/mpmicJ8WbGM.jpg,1
UcOIzXnOHc8,I Exposed 1-Star Waterparks!,thumbnails/UcOIzXnOHc8.jpg,1
pM42sKp6f8A,I Exposed the World’s Most EVIL Teachers!,thumbnails/pM42sKp6f8A.jpg,1
xY5XUMhQhQw,NOTHING BUT PROFIT PLAYING BLACKJACK IN VEGAS! (RED ROCK CASINO),thumbnails/xY5XUMhQhQw.jpg,1
55cmuu-ierY,David Icke Reveals The Shocking Truth About Billionaires & The Money System,thumbnails/55cmuu-ierY.jpg,1
WWqmOdeCD_g,Brit UNDERCOVER at migrant camp reveals SHOCKING truth about WHO is coming to Britain illegally,thumbnails/WWqmOdeCD_g.jpg,1
PFXcfUZaXsI,Chuck Norris Broke His Oath and Revealed The SHOCKING TRUTH About Bruce Lee's Death,thumbnails/PFXcfUZaXsI.jpg,1
LL5pu9GzziA,I Cooked For Celebrities,thumbnails/LL5pu9GzziA.jpg,1
Hv3GzcfaD1k,I Found Nostradamus Predictions RIDICULOUS: Prince Harry CAN'T Be King,thumbnails/Hv3GzcfaD1k.jpg,1
Vr8JW3Fl1gs,25 Secret Arrangements Made for Princess Diana’s Funeral,thumbnails/Vr8JW3Fl1gs.jpg,1
1G8XubzTTx4,15 Shocking Revelations About Queen Elizabeth's Control Over Princess Diana,thumbnails/1G8XubzTTx4.jpg,1
Eu-gVqv_l0k,15 Shocking Things Princess Diana Revealed About King Charles You Can’t Afford to Miss,thumbnails/Eu-gVqv_l0k.jpg,1
LPxHp9AAB6E,ROYAL JEWELRY BANS & DRAMA #meghanmarkle #princeharry #royalfamily #royalty #jewelry #jewels #royal,thumbnails/LPxHp9AAB6E.jpg,1
wA-Xgjcz5jE,Moving to UK next Month ? My Tips for you - Expectations vs Reality of UK🇬🇧 | Life in UK 2024,thumbnails/wA-Xgjcz5jE.jpg,1
K-mV_8aeQsk,Most Unbelievable Moments Ever Caught On Camera !,thumbnails/K-mV_8aeQsk.jpg,1
bEbfn3M7-sw,1 MINUTES AGO: Princess Diana's Driver JUST Breaks Silence and Shocked Everyone!,thumbnails/bEbfn3M7-sw.jpg,1
8A2iTiX6T7g,King Charles 'open to a truce' with Prince Harry - 'William will be CRAZY',thumbnails/8A2iTiX6T7g.jpg,1
TklRn4KvR8A,William HUMILIATES Kate At Royal Ascot|Y’all…WHAT Is William Doing 2That Woman When No Ones Watching,thumbnails/TklRn4KvR8A.jpg,1
-3zqOfMkAc8,Kevin De Bruyne SHUT UP LIFESTYLE is NOT What You Think,thumbnails/-3zqOfMkAc8.jpg,1
-XoGA4CpXSk,David Beckham VS Zlatan Ibrahimović - LIFESTYLE BATTLE,thumbnails/-XoGA4CpXSk.jpg,1
-5dI3rhxtX0,It's Not Looking Good For MrBeast...,thumbnails/-5dI3rhxtX0.jpg,1
9Nj1ek-r76Q,Unbelievable 😱 Grandma Got Transformed Into Into 30 Years Old With Makeup 😳👆🔥,thumbnails/9Nj1ek-r76Q.jpg,1
skVFHFZ-Yjg,Diddy ATTACKS Ben Affleck With LAWSUIT For LEAKING FBI Raid FOOTAGE With JLo!,thumbnails/skVFHFZ-Yjg.jpg,1
eIaSxhd-N-Y,JUST NOW: Jennifer Lopez SHOCKS EVERYONE With Jaw-Dropping Birthday Gift For Ben Affleck REVEALED,thumbnails/eIaSxhd-N-Y.jpg,1
YajbAkhu6hU,Ben Affleck FIRES BACK After JLo FILES for DIVORCE!,thumbnails/YajbAkhu6hU.jpg,1
UgE_4TjLswM,Meghan Markle CALLS OUT Victoria Beckham After She HUMILIATED Her  Going Head to Head!,thumbnails/UgE_4TjLswM.jpg,1
hXB-jCstxFY,Ben Affleck RUNS BACK to Jennifer Garner Right After JLo FILES for Divorce!,thumbnails/hXB-jCstxFY.jpg,1
P0gc43KKhhg,Ben Affleck CAUGHT Having New Affair With Kick Kennedy Amid J Lo Divorce!,thumbnails/P0gc43KKhhg.jpg,1
dQIfO_00LBk,Gino’s SHOCKING Fight with Beauty Queen Jasmine | 90 Day Fiancé CHAOS!,thumbnails/dQIfO_00LBk.jpg,1
IQr45nXSyy4,90 Days Fiance Michael Finally ABANDONS Angela After Years Of Ab3se!,thumbnails/IQr45nXSyy4.jpg,1
A0LYG3cSF1U,Matt Damon SPILLS How Jen Garner PULLED Ben Affleck Out from JLO's TRAP!,thumbnails/A0LYG3cSF1U.jpg,1
bPWahp7Z2yI,Marc Anthony EXPLODES Over Jennifer Lopez And Diddy LEAKED Tape Amid Affleck Split,thumbnails/bPWahp7Z2yI.jpg,1
N2IAv7EWEQw,The True Reasons Ben Affleck CHOSE To End His Relationship With Jennifer Lopez!,thumbnails/N2IAv7EWEQw.jpg,1
DlJcKi47Dhg,CAMERAS CATCH Meghan Attempting To SLAP Harry For Daring To Interrupt Her During CBS Interview,thumbnails/DlJcKi47Dhg.jpg,1
kkOw8F6weFM,Teyana Taylor CALLS OUT Kanye West & Pharell for NOT Protecting her! (Celebrity NEWS GOSSIP 2023),thumbnails/kkOw8F6weFM.jpg,1
8hfMPoPTN9Q,Kanye West Accuses Kim Kardashian For Using North Against Him,thumbnails/8hfMPoPTN9Q.jpg,1
dGjHfdsv8Ao,Jada Pinkett Smith Is Fed Up Of Chris Rock For Being OBSESSED With Her,thumbnails/dGjHfdsv8Ao.jpg,1
Ic4dIZ4dYTk,Judge SHUTS DOWN Amber Heard's Nonsense in Court! (Johnny Depp Trial) NEWS 2023 Celebrity Gossip,thumbnails/Ic4dIZ4dYTk.jpg,1
pJUAz6WIi5I,Justin Bieber REVEALS why he is NOT HAPPY marrying Hailey! (CELEBRITY Gossip NEWS 2023) Selena Gomez,thumbnails/pJUAz6WIi5I.jpg,1
DLrh3Qt2vDk,Big DRAMA: Kanye West ATTACKS Khloe Kardashian for ABANDONING Her SON! (Celebrity NEWS Gossip 2023),thumbnails/DLrh3Qt2vDk.jpg,1
vxRCEMcN3RI,Madonna CONFRONTS Piers Morgan For Calling Her An Old Joke,thumbnails/vxRCEMcN3RI.jpg,1
DYjUlaQFgm4,Matt Damon Reveals Jen Garner SAVED Ben Affleck From JLO,thumbnails/DYjUlaQFgm4.jpg,1
oBWLZ1bx-CI,Jennie Garner Reveals How Ben Affleck Destroyed The Family After Jennifer Lopez,thumbnails/oBWLZ1bx-CI.jpg,1
xK8Od8r01sI,"""You Destroyed Our Family"" Jaden Smith CONFRONTS Jada Pinkett Smith After The Oscars",thumbnails/xK8Od8r01sI.jpg,1
PB_GPChAY10,Joe Rogan & Elon Musk Expose Oprah's Plan To STEAL From The People Of Maui,thumbnails/PB_GPChAY10.jpg,1
9YGNMnmHI-8,Dave Chappelle Sends TERRIFYING Warning To Ice Cube After He Exposes Hollywood,thumbnails/9YGNMnmHI-8.jpg,1
ejpnVOP4xyk,Will Smith CONFRONTS Eddie Murphy For Dissing Him At Golden Globes,thumbnails/ejpnVOP4xyk.jpg,1
NqjRUZ9VP2k,Katt Williams EXPOSES Beyoncé To Be EVEN WORSE Than Jay-Z!,thumbnails/NqjRUZ9VP2k.jpg,1
4DGqCTf7jFM,Mo'Nique CALLS OUT Oprah After Trying To Blackball Shannon Sharpe,thumbnails/4DGqCTf7jFM.jpg,1
s5JDOEcyAcw,Shannon Sharpe CALLS OUT Oprah & Tyler Perry For SABOTAGING His Career,thumbnails/s5JDOEcyAcw.jpg,1
uQRCWNzfscU,Mo'Nique CONFRONTS Whoopi Goldberg For Publicly Slamming Her Husband,thumbnails/uQRCWNzfscU.jpg,1
lXTyaXUf01A,Will Smith CONFRONTS Eddie Murphy For Humiliating Him In Front Of Millions,thumbnails/lXTyaXUf01A.jpg,1
NqVET_Xb2d4,Joaquin Phoenix Reveals Why He REFUSED Selling His Soul To Hollywood.. (And Paid For It),thumbnails/NqVET_Xb2d4.jpg,1
OrvNF731Iuc,Wake Up People! Sylvester Stallone GOES NUCLEAR On Woke Hollywood,thumbnails/OrvNF731Iuc.jpg,1
5MH-Dx6WAsA,Mariah Carey Tried To Warn About JLO's BRUTALITY Of Black Artists,thumbnails/5MH-Dx6WAsA.jpg,1
KE18F26utDI,Piers Morgan CALLS OUT Madonna Again.. Then This Happened,thumbnails/KE18F26utDI.jpg,1
vSqXw-im2mE,Keanu Reeves REVEALS Why Mark Wahlberg Is Hollywood's NEXT Target,thumbnails/vSqXw-im2mE.jpg,1
8dK9XaYpVNc,Diddy MOCKS Ben Affleck & Leaks DISGUSTING JLO TAPES,thumbnails/8dK9XaYpVNc.jpg,1
FBbFhuCfeaI,"""Katt Is Right!"" Matthew McConaughey Reveals The ACTUAL Reason He Got Blacklisted..",thumbnails/FBbFhuCfeaI.jpg,1
ys_6GHcwYWc,Top 10 Most Controversial Jada Pinkett Smith Interviews - Part 2,thumbnails/ys_6GHcwYWc.jpg,1
AOS5tXjaC1U,Top 10 Reasons Jada Pinkett Smith Is The Most Hated Celebrity,thumbnails/AOS5tXjaC1U.jpg,1
LY1tGLBZ2AY,Top 10 Secrets Jada Pinkett Smith Didn't Want You To Know,thumbnails/LY1tGLBZ2AY.jpg,1
SXLvuLVEGI4,Top 10 Most Controversial Jada Pinkett Smith Interviews,thumbnails/SXLvuLVEGI4.jpg,1
RRuhV-9IoVU,Top 10 Entitled Celebrities Who NEED To Be Humbled,thumbnails/RRuhV-9IoVU.jpg,1
U5HKALbr0tY,Bianca Censori SHOCKS Kim Kardashian After HELPING North West Over Custody DISPUTE,thumbnails/U5HKALbr0tY.jpg,1
v9JOoK88wEQ,Alex Rodriguez Exposes Jennifer Lopez & Ben’s Fake Marriage,thumbnails/v9JOoK88wEQ.jpg,1
0LUxHXJgtMc,Ellen being SUPER RUDE (MOMENTS),thumbnails/0LUxHXJgtMc.jpg,1
u7ohdrNYRiM,I Bought *BANNED* Amazon Products!,thumbnails/u7ohdrNYRiM.jpg,1
6mTlK0C0BNo,SURPRISING BRENT WITH 24 GIFTS FOR HIS 24TH BIRTHDAY!!,thumbnails/6mTlK0C0BNo.jpg,1
Rb_eLv2B5ps,I Went on 100 DATES in 24 HOURS Around the World!,thumbnails/Rb_eLv2B5ps.jpg,1
fIdC3UIx6Ak,"SPENDING $500,000 ON MY SISTERS BIRTHDAY!!",thumbnails/fIdC3UIx6Ak.jpg,1
85hatY2iiyU,I Spent 1 BILLION in 50 Hours!!,thumbnails/85hatY2iiyU.jpg,1
_EpnKL2Bamo,امزجي الارز  مع الماء لتبدين أصغر بـ 22 عاماً! بياض ملفت للانتباه و الكولاجين المضاد للشيخوخة,thumbnails/_EpnKL2Bamo.jpg,1
lY-rdDrJb3c,Kim Kardashian EXPOSES Kylie Jenner’s BOTCHED Plastic Surgery,thumbnails/lY-rdDrJb3c.jpg,1
ndKF0a11s6k,Kim Kardashian PANICS After Anna Wintour’s Fashion Week Snub,thumbnails/ndKF0a11s6k.jpg,1
LvDEyj9qO7M,Kim Kardashian BANNED From Celebrity Filled Ambani Pre-Wedding (Only talented people on the list??),thumbnails/LvDEyj9qO7M.jpg,1
hH4pGKB_OU8,Asian Makeup Tutorials Compilation | New Makeup 2021 | 美しいメイクアップ/ part 131,thumbnails/hH4pGKB_OU8.jpg,1
63XCqCS2DoY,SHE GOT MARRIED AT 55 😳 BRIDAL GELE & MAKEUP TRANSFORMATION 💄✂️💉,thumbnails/63XCqCS2DoY.jpg,1
GIVZNtRADPg,iPhone 17 FLIP LEAKED - iPhone FOLD REVEALED at Last!,thumbnails/GIVZNtRADPg.jpg,1
nMrN8e0Q8EI,iPhone 17 Pro Max LEAKS!  - BIG CHANGES ALREADY!,thumbnails/nMrN8e0Q8EI.jpg,1
ItiL7XpnKWE,Pete Davidson EXPOSES How Kim Kardashian Is OBSESSED With Kanye's Wife Bianca,thumbnails/ItiL7XpnKWE.jpg,1
ppL4VTbDLa0,Makeup Transformation Angelina Jolie Cirurgia Plástica  #makeuptutorial,thumbnails/ppL4VTbDLa0.jpg,1
bGkJvA6WVGc,Makeup Transformation Naomi Campbell Cirurgia Plástica #makeuptutorial,thumbnails/bGkJvA6WVGc.jpg,1
JLAEDN0tpDk,Makeup Transformation BRIDGERTON 😱 #makeuptutorial,thumbnails/JLAEDN0tpDk.jpg,1
sO0sqLxIyDk,Makeup Transformation Millie Bobby Brown Stranger Things Cirurgia Plástica  #makeuptutorial,thumbnails/sO0sqLxIyDk.jpg,1
i18CiJf6ifU,Makeup Transformation Kylie Jenner Got 26 MILLION Views Without Plastic Surgery!,thumbnails/i18CiJf6ifU.jpg,1
ILLvxlGn4Hs,Zendaya Makeup Transformation 27 MILLION Views Without Plastic Surgery! #makeuptutorial,thumbnails/ILLvxlGn4Hs.jpg,1
2rtPaqkrLPw,SHE WAS TOTALLY TRANSFORMED 😱 MAKEUP TRANSFORMATION 💉💉MAKEUP TUTORIAL 😳🔥,thumbnails/2rtPaqkrLPw.jpg,1
cskz74MUEc8,Makeup Transformation Rihanna Cirugía Plástica 😳 #makeuptutorial,thumbnails/cskz74MUEc8.jpg,1
IOZjkEcNHIE,Incredible Moments Caught on Camera,thumbnails/IOZjkEcNHIE.jpg,1
ehsEnYfzREA,KIDS YOU WON'T BELIEVE ACTUALLY EXIST,thumbnails/ehsEnYfzREA.jpg,1
RPmBoQ1Ciu0,Grow Your Hair OVERNIGHT!! RESULTS YOU WON'T BELIEVE!!,thumbnails/RPmBoQ1Ciu0.jpg,1
jwCWcB9w-Go,This 80-year-old woman applied this cream to her face and looked like she was in her 30s.,thumbnails/jwCWcB9w-Go.jpg,1
C0Wj6AnFPJo,Facelift mit natürlichem Kollagen! Mit 70 Jahren verschwinden Falten in 3 Minuten! Hautpflege,thumbnails/C0Wj6AnFPJo.jpg,1
63gcs9-G8Vw,Banana peel and cornstarch will make you a 16-year-old girl no matter your age,thumbnails/63gcs9-G8Vw.jpg,1
2-Cwbh8kPx4,The CRAZIEST Transformations Ever Seen On My 600 lb Life,thumbnails/2-Cwbh8kPx4.jpg,1
2r3p1wNl5f8,SHAKIRA Makeup Transformation ! INPRESSIONANTE!!!! 😱😱😱 #makeuptutorial,thumbnails/2r3p1wNl5f8.jpg,1
2ye08EJSnp8,Cillian Murphy Details Fans Had NO Idea About Him..,thumbnails/2ye08EJSnp8.jpg,1
pILTJGibe6U,Is Princess Diana still ALIVE?..JAW DROPPING MUST WATCH!!!,thumbnails/pILTJGibe6U.jpg,1
97Kk-c06T9w,Government wants to END Apple and iPhone,thumbnails/97Kk-c06T9w.jpg,1
TYZ21Gqd9kw,Most Emotional Moments of Animal Reunion Ever Caught on Camera!,thumbnails/TYZ21Gqd9kw.jpg,1
ChmFvyGxxVY,15 Animals That Asked People for Help & Kindness !,thumbnails/ChmFvyGxxVY.jpg,1
5d3GFk7Stas,"Funny Video 2022, Must Watch New Comedy Video Amazing Funny Video 2022, Episode 138 By #myfamily",thumbnails/5d3GFk7Stas.jpg,1
hHGWuzg5n0k,Famous Celebrities Who Underwent Gender Transition,thumbnails/hHGWuzg5n0k.jpg,1
t1FlZC4_g70,Fox News Hosts EXPOSED: Marc Lamont Hill Reveals Wild Cocaine-Fueled Nights With HYPOCRITICAL Stars!,thumbnails/t1FlZC4_g70.jpg,1
jlQDHrDTyi4,Matthew McConaughey SHUTS UP Joy Behar After She Asked This One Question...She was'nt ready,thumbnails/jlQDHrDTyi4.jpg,1
ll_uab8-nFA,"iPhone 17 Pro Max First Look, Camera, 2TB ROM, Battery, Price, Trailer, Release Date, Specs, Leaks",thumbnails/ll_uab8-nFA.jpg,1
tvoSPqaIiI8,50 Celebrity Plastic Surgery Disasters You Would NEVER Recognize Today,thumbnails/tvoSPqaIiI8.jpg,1
XP2uFwNJssQ,TikTok’s Show How Kylie Jenner Is Now BROKE!,thumbnails/XP2uFwNJssQ.jpg,1
g8BT9T0yw9E,I Bought Every ROBOT On Amazon!,thumbnails/g8BT9T0yw9E.jpg,0
edpRqir29aI,Slapping Prank Went Too Far (Part 4) | Pranks In Pakistan,thumbnails/edpRqir29aI.jpg,0
1AwIo4WAONE,THE BEST ESCALATOR PRANKS!! *COUPLES REACTIONS*,thumbnails/1AwIo4WAONE.jpg,0
Jj56yCjJEck,Troy Pretend Play with Marvel Superhero Toys Hulk Out Hulkbuster Iron Man Spider-Man,thumbnails/Jj56yCjJEck.jpg,0
6nZAQglI178,People You Won’t Believe Exist...,thumbnails/6nZAQglI178.jpg,0
LC2nkQTpC-0,8 Amazing Water Experiments At Home || Easy Science Experiments With Water,thumbnails/LC2nkQTpC-0.jpg,0
NkyEOrQiGMQ,10 More Amazing Science Stunts (3),thumbnails/NkyEOrQiGMQ.jpg,0
2OPOGUUkauc,"Spider-Man 2: Doc Ock Train Fight Scene (ALFRED MOLINA, TOBEY MAGUIRE 4K HD CLIP) | With Captions",thumbnails/2OPOGUUkauc.jpg,0
1YTRPAtxcps,120 Days Building Underground two-story House with water Slide To Swimming Pool,thumbnails/1YTRPAtxcps.jpg,0
uVUon6lfNDw,FULL STOP | How to use punctuation correctly,thumbnails/uVUon6lfNDw.jpg,0
WB3zolACjuI,Why rules are important?,thumbnails/WB3zolACjuI.jpg,0
uzXpkreSc74,"""Kinder Joy"" Yeni Neslin Bayram Atıştırmalığı",thumbnails/uzXpkreSc74.jpg,0
BB2BfvjLn2g,Surprise Eggs Unboxing | Lot's Of Surprise Eggs and Kinder Joy Fun Video | ASMR,thumbnails/BB2BfvjLn2g.jpg,0
4QTTDmqc_3E,Never-Before-Seen Footage of 1993 Jeffrey Dahmer Interview,thumbnails/4QTTDmqc_3E.jpg,0
spV1PDKf9Rk,Shocking!!! Arjun Kapoor slaps Radio Mirchi RJ | Radio Mirchi | Radio Mirchi,thumbnails/spV1PDKf9Rk.jpg,0
pSHVbLPWA28,How Big is The Universe?,thumbnails/pSHVbLPWA28.jpg,0
AXFhTXSLjco,Brothers convince little sister of zombie apocalypse,thumbnails/AXFhTXSLjco.jpg,0
5mnQTzhVgl8,Spelling Bee Contestant Asks The Definition of “Woman”,thumbnails/5mnQTzhVgl8.jpg,0
n4IhCSMkADc,EARTH FROM SPACE: Like You've Never Seen Before,thumbnails/n4IhCSMkADc.jpg,0
YFhwEJosUsU,TOP 50 • Most Beautiful Places in the World 8K ULTRA HD,thumbnails/YFhwEJosUsU.jpg,0
AY2jPAb6BOQ,Fallout 4: What makes you S.P.E.C.I.A.L. (All S.P.E.C.I.A.L. videos combined),thumbnails/AY2jPAb6BOQ.jpg,0
L2i8agzydig,Tui Tui Funny Video Part 4 😆 tui tui Best Comedy 💪 tui tui Must Watch Special New Video By Our Fun,thumbnails/L2i8agzydig.jpg,0
epWTkSmY3Nw,The Fastest Way To Get Fired. Tom Briscoe - Full Special,thumbnails/epWTkSmY3Nw.jpg,0
ZSRALVS3Up0,Manchester United vs Chelsea | What a Game | Highlights | Adobe Women's FA Cup Semi Final 14-04-2024,thumbnails/ZSRALVS3Up0.jpg,0
Q9UkP0G77Bk,Stupid Things People Say That Make No Sense. Don McEnery,thumbnails/Q9UkP0G77Bk.jpg,0
FtDv-L1stdo,Akshay Kumar x Harsh Gujral | Roast Standup Comedy,thumbnails/FtDv-L1stdo.jpg,0
TN6MqsBombA,French Parking 2026262738VID-20120512-00013,thumbnails/TN6MqsBombA.jpg,0
zCUi8b3Mr70,Treadmill Abuse Murder Trial: Video of Defendant & Victim at Gym,thumbnails/zCUi8b3Mr70.jpg,0
oRDRfikj2z8,Baby Animals 4K - Amazing World Of Young Animals | Scenic Relaxation Film,thumbnails/oRDRfikj2z8.jpg,0
M2idDi4ukA8,Moments of Animal Genius That Will Amaze You,thumbnails/M2idDi4ukA8.jpg,0
l6uqpS63yso,How to Pass IQ TEST - Questions & Answers with Solutions,thumbnails/l6uqpS63yso.jpg,0
vZgnGwyOO2s,"Making Of ""Meet The Super Kids"" Scene | We Can Be Heroes | Netflix",thumbnails/vZgnGwyOO2s.jpg,0
Bzq8jDsRUNw,Supergirl New Nano Tech Suit Up Scene Full HD | Supergirl 5x01 Scene,thumbnails/Bzq8jDsRUNw.jpg,0
0VMkhHN0V3g,मैजिक भूतु का Secret | Magic Bhootu | Super Power Kids Show | Bangla Cartoon | KidZ,thumbnails/0VMkhHN0V3g.jpg,0
ebnQsTk9s-s,(No Music) Oddly Satisfying Video With Original Sound #7 | Original Relaxing Videos for Deep Sleep,thumbnails/ebnQsTk9s-s.jpg,0
KYH7eKurMN8,Shemaroo Bollywood Comedy - Top 10 Comedy Scenes (HD) Ft - Arshad Warsi | Johnny Lever | Rajpal,thumbnails/KYH7eKurMN8.jpg,0
tFCJLshbNdE,Rapid Fire Jokes You'll Never See Coming. Bobby Tessel - Full Special,thumbnails/tFCJLshbNdE.jpg,0
b8VNtEzgAmM,FUNNIEST Kid Comedians on Got Talent Will Make You LOL🤣,thumbnails/b8VNtEzgAmM.jpg,0
bUYUSXyp3Pg,Every Black Person Needs A Few White Friends. Drew Thomas,thumbnails/bUYUSXyp3Pg.jpg,0
PRRNw5IRufM,Bill Burr comedy on Black People.,thumbnails/PRRNw5IRufM.jpg,0
uvYEgnYWE3E,Respect Song | With Action | Classroom Song | Assembly Song| School Song,thumbnails/uvYEgnYWE3E.jpg,0
5mHjvFpsjLk,Jack Sock's brilliant bit of sportsmanship,thumbnails/5mHjvFpsjLk.jpg,0
NsaSG-0U4mU,Boy's Epic Staredown Battle Goes Viral,thumbnails/NsaSG-0U4mU.jpg,0
IYSxN5sNQ_M,Bill Burr Stand Up Comedy Best Jokes: Michelle Obama | Motherhood |No Means No | Pedophiles,thumbnails/IYSxN5sNQ_M.jpg,0
1lTJ9ef7S0c,Riskiest Jokes - VOL. 2 | Jimmy Carr,thumbnails/1lTJ9ef7S0c.jpg,0
0irkH7mOCAI,Top 5 Brutal Most Offensive Stand Up Jokes,thumbnails/0irkH7mOCAI.jpg,0
5t1qzkY6GfY,[릴레이댄스] LE SSERAFIM (르세라핌) - CRAZY (4K),thumbnails/5t1qzkY6GfY.jpg,0
JQ9OubhCg2Q,When You Can't Control Your Laughter 😂 Live In Interview,thumbnails/JQ9OubhCg2Q.jpg,0
RIUdYTEZNps,"Funny Arab Idol  Hilarious audition, can't stop laughing",thumbnails/RIUdYTEZNps.jpg,0
DrHkLv2414o,Funniest Laugh In the World,thumbnails/DrHkLv2414o.jpg,0
ydAyvvDQrgY,Spreading the joy of laughter on a train,thumbnails/ydAyvvDQrgY.jpg,0
IJMXK3IKYnA,10 SHIPS in STORMY WEATHER,thumbnails/IJMXK3IKYnA.jpg,0
p7QS4cz-Avs,GCSE Physics - How Moments Work - Spanners and Seesaws,thumbnails/p7QS4cz-Avs.jpg,0
DGAPEIxTwU4,The Secret to Cinematic Phone Footage | NEW Moment 1.55x Lens,thumbnails/DGAPEIxTwU4.jpg,0
vSidTZlSbzY,World's Scariest Pranks...,thumbnails/vSidTZlSbzY.jpg,0
g0UT4aliEe4,Rob Dyrdek talks about the death of Big Black,thumbnails/g0UT4aliEe4.jpg,0
n6B5gQXlB-0,LE SSERAFIM (르세라핌) 'CRAZY' OFFICIAL MV,thumbnails/n6B5gQXlB-0.jpg,0
iFnSP-h5S4c,"Boeing Starliner Makes Strange Sound in Space, NASA Solves Mystery | Firstpost America",thumbnails/iFnSP-h5S4c.jpg,0
uIbzMGh9-4k,Idiots In Cars 261,thumbnails/uIbzMGh9-4k.jpg,0
Gvj8VBq0I6Y,Great Expectations,thumbnails/Gvj8VBq0I6Y.jpg,0
MQTUznTBpNM,Ruining Your Own Gender Reveal,thumbnails/MQTUznTBpNM.jpg,0
ZP8wqrJ0wKU,Never Going to the Dentist Again,thumbnails/ZP8wqrJ0wKU.jpg,0
mTEros927Ow,"""WOW"" - over 1 million times",thumbnails/mTEros927Ow.jpg,0
RgxBs4Kn1Q8,MattyBRaps - Moment,thumbnails/RgxBs4Kn1Q8.jpg,0
RBQ-IoHfimQ,Most Shocking Second a Day Video,thumbnails/RBQ-IoHfimQ.jpg,0
4bMSJY9ddL8,TOP 10 LARGEST Marine Reptiles!,thumbnails/4bMSJY9ddL8.jpg,0
TFkUan5Uujs,How to Make a Mini Robot bug,thumbnails/TFkUan5Uujs.jpg,0
rtih8OEh7S0,How To Make Simple Pencil Welding Machine At Home for soldering | practical invention,thumbnails/rtih8OEh7S0.jpg,0
-e1_QhJ1EhQ,Atlas Gets a Grip | Boston Dynamics,thumbnails/-e1_QhJ1EhQ.jpg,0
KkMVyRGS9Pw,Crazy speed!!! Amazing skill!!! The most popular fruit cutting master!!!,thumbnails/KkMVyRGS9Pw.jpg,0
hC3Ojbspi94,Farm Fresh Ninja Fruit Cutting | Oddly Satisfying Fruit Ninja #11,thumbnails/hC3Ojbspi94.jpg,0
dZyUWLW7kEI,The luckiest unlucky man to ever live (Frane Selak),thumbnails/dZyUWLW7kEI.jpg,0
EFFVStl_Uac,What is Happening in Antarctica?,thumbnails/EFFVStl_Uac.jpg,0
o268qbb_0BM,The Science of Awkwardness,thumbnails/o268qbb_0BM.jpg,0
t-gCpAf-fbE,What Made Albert Einstein A Genius?,thumbnails/t-gCpAf-fbE.jpg,0
VVAIH60YeYg,These Are some of the FUNNIEST COMEBACKS ever!,thumbnails/VVAIH60YeYg.jpg,0
PHpPtdk9rco,The Single Most Important Parenting Strategy | Becky Kennedy | TED,thumbnails/PHpPtdk9rco.jpg,0
5IpmafMQ6AU,10 PHOTOGRAPHY IDEAS at HOME (quarantine),thumbnails/5IpmafMQ6AU.jpg,0
xjuwkGXXy4Q,My parents perfect reaction to our baby announcement!,thumbnails/xjuwkGXXy4Q.jpg,0
jDKLd8vGm-k,SMART FOOD HACKS || Cool Life Hacks with Your Favorite Food and Funny Situations by 123GO! FOOD,thumbnails/jDKLd8vGm-k.jpg,0
fyO8pvpnTdE,5 Parenting Styles and Their Effects on Life,thumbnails/fyO8pvpnTdE.jpg,0
OF6Iwma4Pbo,If Objects Were People / 17 Funny Situations We Can Relate To,thumbnails/OF6Iwma4Pbo.jpg,0
i42ZinrWTmU,Playing as a RICH PRINCESS in Minecraft!,thumbnails/i42ZinrWTmU.jpg,0
QW7GvgWsQHo,We hid something for you - Tikka,thumbnails/QW7GvgWsQHo.jpg,0
cSjagpvEHYc,When to Use a Period or a Full Stop - Punctuation Rules,thumbnails/cSjagpvEHYc.jpg,0
P_A4CpeLgCg,Ish Kevin - Full Stop Feat Juno Kizigenza (Official Music Video),thumbnails/P_A4CpeLgCg.jpg,0
7gzBmc7dQlc,Jeremy Zucker - full stop (Official Lyric Video),thumbnails/7gzBmc7dQlc.jpg,0
-xA2LwHvxWY,Full stop punctuation,thumbnails/-xA2LwHvxWY.jpg,0
NHDOk7lA53w,Ful Stop,thumbnails/NHDOk7lA53w.jpg,0
l2Q2apuS4h8,Full Stop Punctuation,thumbnails/l2Q2apuS4h8.jpg,0
rkOySwlEtVk,One on One - Amitabh Bachchan,thumbnails/rkOySwlEtVk.jpg,0
dw8Xl8hoJWQ,"When Kapil had fun with Amitabh, Jaya and Rekha Full HD",thumbnails/dw8Xl8hoJWQ.jpg,0
C0WDFCjztaw,"Mujhe Naulakha Mangawa De Re | Sharaabi | Amitabh Bachchan, Jaya Prada | Asha Bhosle, Kishore Kumar",thumbnails/C0WDFCjztaw.jpg,0
llLIXT_vXl8,Ali Zafar's fan moment with Amitabh Bachchan | Kill Dil Cast | KBC,thumbnails/llLIXT_vXl8.jpg,0
5WtojvKl3Ho,WHAT A SPECTACULAR PERFORMANCE!  Rishi kapoor and Ranbir kapoor Dance at 2020 Awards 🕺🏻🤩,thumbnails/5WtojvKl3Ho.jpg,0
fEnwMyHejtQ,Nikhil Kamath x Ranbir Kapoor | People by WTF Ep #2,thumbnails/fEnwMyHejtQ.jpg,0
CbCdoxNxNjQ,Is Ranbir Kapoor The New Shah Rukh Khan?,thumbnails/CbCdoxNxNjQ.jpg,0
JAQb12ljVs0,BFFs With Vogue S03 | REVEALED! Parineeti Chopra's Dream Co-star | Sania Mirza,thumbnails/JAQb12ljVs0.jpg,0
jinu8bcXxEk,What are the most important things in life for tennis star Sania Mirza? - BBC URDU,thumbnails/jinu8bcXxEk.jpg,0
fuRJqe_rO90,BABAR AZAM Podcast | Meeting with Virat Kohli | Captaincy Experience | Off Topic Ufone | Zalmi TV,thumbnails/fuRJqe_rO90.jpg,0
8SuskKYqWIc,Showtime With Ramiz Raja | Babar Azam | 11 May 2024 | EP 21 | Digitally Powered by ZeeraPlus,thumbnails/8SuskKYqWIc.jpg,0
a8T5fc0uj1A,Serious Skype interview goes seriously wrong,thumbnails/a8T5fc0uj1A.jpg,0
PEnjlA0fsTk,Top 10 Most Beautiful Women In The World 2024,thumbnails/PEnjlA0fsTk.jpg,0
eDdt2hBhkSs,Cristiano Ronaldo scores his 900th CAREER GOAL vs Croatia,thumbnails/eDdt2hBhkSs.jpg,0
I74FAkaL1Fk,Cristiano Ronaldo y Georgina revelan todo en el quiz de parejas | Cris & Gio Parte I,thumbnails/I74FAkaL1Fk.jpg,0
C850U295CX4,A day in the life of Cristiano Ronaldo (Champions League Award Edition),thumbnails/C850U295CX4.jpg,0
c5vvTiZtP7s,Ronaldo: Cristiano Ronaldo's Son Cristiano Ronaldo Jr. Doesn't Know His Own Name Deleted Scene,thumbnails/c5vvTiZtP7s.jpg,0
UPrkC1LdlLY,"Survive 100 Days In Nuclear Bunker, Win $500,000",thumbnails/UPrkC1LdlLY.jpg,0
FLp7zBsNtaY,AMP EXTREME OBSTACLE COURSE WITH MRBEAST,thumbnails/FLp7zBsNtaY.jpg,0
kX3nB4PpJko,"Last To Take Hand Off Jet, Keeps It!",thumbnails/kX3nB4PpJko.jpg,0
YpjwHazhknA,Cristiano Ronaldo vs Lie Detector with Binance,thumbnails/YpjwHazhknA.jpg,0
KVnheXywIbY,Stree 2 | Official Trailer | Shraddha K | Rajkummar R | Pankaj T | Dinesh V | Amar K | 15th Aug 2024,thumbnails/KVnheXywIbY.jpg,0
OkyBBwpHqcs,Russian President Vladimir Putin says Ukraine incursion has failed | BBC News,thumbnails/OkyBBwpHqcs.jpg,0
nqzIQh2D_Es,Trending Nakhra (Official Video) : Amrit Maan ft. Ginni Kapoor | Intense | Punjabi Song,thumbnails/nqzIQh2D_Es.jpg,0
oeP78MLHj0U,Bol ya Bowl | Kareena Kapoor Khan | Neha Dhupia | No Filter Neha - Season 6 - Episode 3,thumbnails/oeP78MLHj0U.jpg,0
I80_YFeKWuc,"Gal Gadot, Alia Bhatt & Jamie Dornan Answer The Web's Most Searched Questions | WIRED",thumbnails/I80_YFeKWuc.jpg,0
tK0xLe_jpM8,Alia Bhatt on Hands-on Parenting and Ranbir Kapoor’s Bond With Raha | Quint Neon,thumbnails/tK0xLe_jpM8.jpg,0
RokZ-Tvy2cY,Bollywood Star Alia Bhatt Just Wants To Be 'A Kind Human Being',thumbnails/RokZ-Tvy2cY.jpg,0
MJEsOdx88iM,"Alia Bhatt SUPER Exclusive Interview: On Raha, Ranbir Kapoor Reuniting With SLB, Vicky Kaushal, More",thumbnails/MJEsOdx88iM.jpg,0
8rOH1xpepug,Ranbir Kapoor and Alia Bhatt New Ad,thumbnails/8rOH1xpepug.jpg,0
RMlOm6RpG-Q,The 21 with Alia Bhatt,thumbnails/RMlOm6RpG-Q.jpg,0
jBOHmuGsUdE,Noor Jahan Episode 30 | 6 September 2024 (Eng Sub) | ARY Digital,thumbnails/jBOHmuGsUdE.jpg,0
026geiUPQYs,Noor Jahan Episode 28 | 30 August 2024 (Eng Sub) ARY Digital,thumbnails/026geiUPQYs.jpg,0
F2O5s92UxaA,Putin admits 'tough time' after Ukraine conducts major attack in Russia,thumbnails/F2O5s92UxaA.jpg,0
NpjSPuGOpe4,F-16 Fighting Falcon Fighter Jet Take Off U.S. Air Force,thumbnails/NpjSPuGOpe4.jpg,0
VBr1UkwmI4Y,Inside Bella Hadid's YSL Bag | In The Bag | Vogue,thumbnails/VBr1UkwmI4Y.jpg,0
C6eSmWvSFxM,Kabhi Main Kabhi Tum Episode 18 | Fahad Mustafa | Hania Aamir | 3 Sep 2024 (Eng Sub) ARY Digital,thumbnails/C6eSmWvSFxM.jpg,0
ASYV7uX1nV8,Kabhi Main Kabhi Tum Episode 17 | Fahad Mustafa | Hania Aamir | 2 Sep 2024 (Eng Sub) | ARY Digital,thumbnails/ASYV7uX1nV8.jpg,0
100DJXA5Fng,New! Kabhi Main Kabhi Tum Episode 18 | Promo | Fahad Mustafa | Hania Aamir | ARY Digital,thumbnails/100DJXA5Fng.jpg,0
tHYz6zYN8nY,Kabhi Main Kabhi Tum Episode 19 | Teaser | Fahad Mustafa | Hania Aamir | ARY Digital,thumbnails/tHYz6zYN8nY.jpg,0
MEI16327tCQ,Wafa Be Mol Episode 1 | HUM TV | Drama | 9 August 2021,thumbnails/MEI16327tCQ.jpg,0
pEWqOAcYgpQ,The Legend of Maula Jatt (2022) - Official Theatrical Trailer,thumbnails/pEWqOAcYgpQ.jpg,0
Xi_zEi_0hNY,Arsalan Naseer And Hiba Bukhari,thumbnails/Xi_zEi_0hNY.jpg,0
UwCZeywOIok,Wow Watch - Krrish 3 Exclusive Interview With The Famous Five,thumbnails/UwCZeywOIok.jpg,0
vqu4z34wENw,Pathaan Trailer | Shah Rukh Khan | Deepika Padukone | John Abraham | Siddharth A | YRF Spy Universe,thumbnails/vqu4z34wENw.jpg,0
yeF_b8EQcK0,DHOOM:3 | Official Trailer | Aamir Khan | Abhishek Bachchan | Katrina Kaif | Uday Chopra,thumbnails/yeF_b8EQcK0.jpg,0
_6Ix1VF_yWM,"""Krrish 3 Trailer"" Official | Hrithik Roshan, Priyanka Chopra, Vivek Oberoi",thumbnails/_6Ix1VF_yWM.jpg,0
E7OwbUlfTjQ,"""Krrish 4 script is ready, we are good to go but .."": Hrithik Roshan",thumbnails/E7OwbUlfTjQ.jpg,0
_UyjJehQrLc,How Shoaib & Sania Love Story Start? | Time Out With Ahsan Khan | Express Tv | IAB2T,thumbnails/_UyjJehQrLc.jpg,0
Gq9zJPRAYC4,Sania Mirza Wants SRK OR Akshay Kumar To Play Her Love Interest in a Biopic!?,thumbnails/Gq9zJPRAYC4.jpg,0
FOIQcP0mX9Q,"The Great Indian Kapil Show - Laughter Knockout with Mary, Sania, Saina, Sift | Bacha Hua Content",thumbnails/FOIQcP0mX9Q.jpg,0
SE91pxhQiqI,Inside Sania Mirza's Hyderabad Home | Brut Sauce,thumbnails/SE91pxhQiqI.jpg,0
oqpoIJNF7qs,"Humayun Saeed ko adakari nahi ati, Firdous Jamal | Super Over | SAMAA TV | 15th September 2022",thumbnails/oqpoIJNF7qs.jpg,0
iSOdNTnkKu0,Tsunami Witness | National Geographic,thumbnails/iSOdNTnkKu0.jpg,0
4qTmPWJbvfA,10 Earthquakes Caught On Security Cameras,thumbnails/4qTmPWJbvfA.jpg,0
vCP32JxwZ3E,Earthquake Hits During Evening Newscast,thumbnails/vCP32JxwZ3E.jpg,0
05-Gqlan8TA,Should the UK be worried about mpox?,thumbnails/05-Gqlan8TA.jpg,0
-at4b-8D8xs,"Mpox: What are the symptoms, and how does it spread?",thumbnails/-at4b-8D8xs.jpg,0
W4tyI-VvTpA,"With deadlier mpox strain spreading in Central Africa, what's holding up vaccinations ? | DW News",thumbnails/W4tyI-VvTpA.jpg,0
vX2SvQMzce8,Babar Azam Bohat Cute Hain🥰Hania Aamir #thefourthumpire,thumbnails/vX2SvQMzce8.jpg,0
cwWjQ_Fmmgk,Babar Azam Stylish Entry at Aleem Dar Son’s wedding in Lahore,thumbnails/cwWjQ_Fmmgk.jpg,0
GSCyy4z3Hfg,EXCLUSIVE 🛑 Babar Azam Dabang Entry at imam ul haq Valima | Guests gone mad when Babar Arrived,thumbnails/GSCyy4z3Hfg.jpg,0
k2vbdTTotok,"Lucky Boundary For Abdullah Shafique | Pakistan vs Bangladesh | 1st Test Day 5, 2024 | PCB | M8A1K",thumbnails/k2vbdTTotok.jpg,0
2_6AK1X8uhE,Can We Admit Our Kids in Covenant Schools? - Dr Zakir Naik,thumbnails/2_6AK1X8uhE.jpg,0
miHCZ0gvroY,SHAKIB VS SEHWAG- FULL CONTROVERSY EXPLAINED! KAUN SAHI YA GALAT?,thumbnails/miHCZ0gvroY.jpg,0
20-TlWWDQCs,Shakib Al Hasan Interview After Joining Melbourne Renegades in BBL 2014 720P HD,thumbnails/20-TlWWDQCs.jpg,0
gZRGNRrp2h0,Cricketer Shakib-al-Hasan In Big Trouble | Bangladesh Latest Updates | Pakistan News,thumbnails/gZRGNRrp2h0.jpg,0
WddUYh9w7iw,Shakib Al Hasan's 5 Wickets Against India || 1st ODI || India tour of Bangladesh 2022,thumbnails/WddUYh9w7iw.jpg,0
gkWHGy70jIg,Dhawan Strikes Super Century! | India vs Australia - Match Highlights | ICC Cricket World Cup 2019,thumbnails/gkWHGy70jIg.jpg,0
xAbYDVM5YeE,Ahmad Shah First Day at School | After Vacation,thumbnails/xAbYDVM5YeE.jpg,0
HZiPyuIbV4s,Cristiano Ronaldo Jr. (CR7's Son) VS David Lucca (Neymar's Son) Transformation 💕 From 0 to now,thumbnails/HZiPyuIbV4s.jpg,0
TgHcTailbao,"Cristiano Ronaldo ""Hall of Fame""ft. Will.I.am. Manchester United",thumbnails/TgHcTailbao.jpg,0
j6FpcvSor8g,"Cristiano Ronaldo ► ""UNSTOPPABLE"" ft. Sia • Real Madrid Skills & Goals | HD",thumbnails/j6FpcvSor8g.jpg,0
BD608IJ3aCE,Gautam Gambhir’s gritty 97 sets the stage for India’s World Cup triumph | CWC 2011,thumbnails/BD608IJ3aCE.jpg,0
Mhj15W23IjA,James Arthur - Impossible (Official Video),thumbnails/Mhj15W23IjA.jpg,0
hkauT1c6Cj4,HIGHLIGHT! Daud Yordan VS Hernan Leandro Carrizo | LAGA KHATULISTIWA 2024,thumbnails/hkauT1c6Cj4.jpg,0
7HFKBl3rE6Q,KADO & SURPRISE DARI STEVEN WONGSO!!,thumbnails/7HFKBl3rE6Q.jpg,0
rSIgCOyJxqk,Australia v Bahrain | Highlights | FIFA World Cup 2026 Third Round Qualifier,thumbnails/rSIgCOyJxqk.jpg,0
i4Uvxb8D4Sg,[Eksklusif] Jurus Bertahan Khofifah - Emil | Mata Najwa,thumbnails/i4Uvxb8D4Sg.jpg,0
CJGnbp06IaU,"Paus Fransiskus Tiba di Indonesia, Disambut Menag dan Uskup Agung Jakarta",thumbnails/CJGnbp06IaU.jpg,0
t3XZLJwrDSE,Pilkada 2024: Apa itu kotak kosong? - BBC News Indonesia,thumbnails/t3XZLJwrDSE.jpg,0
U9tLGiJgVOM,Paus Fransiskus Keliling Stadion Sir John Guise Port Moresby Sapa Umat,thumbnails/U9tLGiJgVOM.jpg,0
438F_X7X8oc,Ganjar Pranowo soal Fenomena Kotak Kosong di Pilkada 2024 Harus Dievaluasi,thumbnails/438F_X7X8oc.jpg,0
sHNLOPj0bEE,PARASOT - Deretan Sambutan Paus Fransiskus Selama Kunjungan di Indonesia,thumbnails/sHNLOPj0bEE.jpg,0
17ex-C6-mgQ,Sejumlah Daerah Dipastikan akan Melawan Kotak Kosong di Pilkada 2024 | Kabar Siang tvOne,thumbnails/17ex-C6-mgQ.jpg,0
PKQ1JD094S8,Senyum Paus Fransiskus Saat Tiba di Kota Terpencil Papua Nugini,thumbnails/PKQ1JD094S8.jpg,0
2EYa94ZgwDc,"Paus Fransiskus ke Vanimo, Kenakan Topi Hiasan Tradisional",thumbnails/2EYa94ZgwDc.jpg,0
k6FtYfIqfKw,"Pelaku Masih di Bawah Umur, Polisi Tidak Menahan 3 Pembunuh dan Pemerkosa Siswi SMP di Palembang",thumbnails/k6FtYfIqfKw.jpg,0
8jGM3qm9Cgg,"Serba-serbi Jelang Timnas vs Australia di Kualifikasi Piala Dunia 2026, Selasa 10 September di GBK",thumbnails/8jGM3qm9Cgg.jpg,0
AmNCIEl-3dE,Francesco Bagnaia Tetap Tampil Di Motogp San Marino Di Sirkuit Misano,thumbnails/AmNCIEl-3dE.jpg,0
7QWvMlhr3fo,Persiapan Timnas Indonesia Jelang Lawan Australia di Kualifikasi Piala Dunia 2026,thumbnails/7QWvMlhr3fo.jpg,0
m2thQrgZmtA,Atlet Bambang Wijaya Raih Medali Emas Cabor Angkat Besi PON Aceh-Sumut - LIP 08/09,thumbnails/m2thQrgZmtA.jpg,0
UXD-683AxsA,Bambang Wijaya Sumbang Emas Pertama untuk Aceh di PON XXI - BIP 08/09,thumbnails/UXD-683AxsA.jpg,0
Pddy_6fV2UI,Persib Bandung Antisipasi Cuaca Panas Jelang Hadapi PSM Makassar di Liga 1,thumbnails/Pddy_6fV2UI.jpg,0
f62kIb8oHE8,Tim Futsal Putra Sumut Unggul dalam Klasemen Grup A | Liputan 6 Medan,thumbnails/f62kIb8oHE8.jpg,0
DT9Xyxyhh4A,Persela Lamongan vs Deltras FC - Highlights | Pegadaian Liga 2 2024/2025,thumbnails/DT9Xyxyhh4A.jpg,0
gQSZHn9wTNA,Persib Bandung Antisipasi Cuaca Panas Jelang Hadapi PSM Makassar di Liga 1,thumbnails/gQSZHn9wTNA.jpg,0
mIUwPazjCRw,Atlet Bambang Wijaya Raih Medali Emas Cabor Angkat Besi - Sindo Siang 08/09,thumbnails/mIUwPazjCRw.jpg,0
E91W_ZcK3_4,"Bangga! Atlet Indonesia Lampaui Target Medali di Paralimpik Paris , dari Badminton hingga Atletik",thumbnails/E91W_ZcK3_4.jpg,0
bBS67nUZ-ZQ,Hasil Kualifikasi Piala Dunia 2026 - Pemain Eropa Borong 7 Gol Kemenangan Jepang atas China,thumbnails/bBS67nUZ-ZQ.jpg,0
hyWcuPMo8C4,Petenis Dunia Eugenie Bouchard Datang ke Jakarta 6 September,thumbnails/hyWcuPMo8C4.jpg,0
gM7EPVn-lJk,"Terang-terangan! Bos Besar AirAsia Ungkap Harga Tiket di Indonesia Mahal, Ini Alasannya!",thumbnails/gM7EPVn-lJk.jpg,0
xvZohCit9Vg,AirAsia Targetkan Tambah 70 Armada Hingga 2029 | IDX CHANNEL,thumbnails/xvZohCit9Vg.jpg,0
TwiMGey_UPg,Indonesia Catat Deflasi 4 Bulan Berturut-Turut,thumbnails/TwiMGey_UPg.jpg,0
RJroRcB2A14,"Ikuti Laju Bursa Asia, IHSG Ditutup Menguat",thumbnails/RJroRcB2A14.jpg,0
R9fx1prv51A,IHSG Tembus 7700 Menjelang Akhir Pekan,thumbnails/R9fx1prv51A.jpg,0
_GhMpCHkRoA,Jokowi Terbitkan Aturan Baru Penyediaan Energi | IDX CHANNEL,thumbnails/_GhMpCHkRoA.jpg,0
ImDj7wz65oI,"IHSG Bertahan di 7.600-an, Rupiah ke Level Terkuat 2024 | IDX CHANNEL",thumbnails/ImDj7wz65oI.jpg,0
ZWSgJwmiYto,"Tamparan Untuk Pemerintah! RI 4 Bulan Deflasi, Sinyal Daya Beli Merosot",thumbnails/ZWSgJwmiYto.jpg,0
iZAqRUF2Fro,"Jelang Akhir Pekan, IHSG Ditutup Bergairah & Balik ke Level 7.700",thumbnails/iZAqRUF2Fro.jpg,0
L2aC4mDkX6M,REVIEW | Ulas Perbedaan Varian Toyota New Fortuner,thumbnails/L2aC4mDkX6M.jpg,0
A819G5gD5DY,Penyediaan Cadangan Penyangga Energi | IDX CHANNEL,thumbnails/A819G5gD5DY.jpg,0
k-KkgWM7P_o,Harga Cabai dan Sayur Mayur Turun di Pasaran Kota Tegal | Liputan 6 Semarang,thumbnails/k-KkgWM7P_o.jpg,0
9eIjmggZ2oE,Menkes Budi Sadikin Ungkap Perbedaan Kasus Mpox di Indonesia dan Negara Lain,thumbnails/9eIjmggZ2oE.jpg,0
i3xUhAWpPXQ,"MPox Masuk Ke Indonesia, Begini Respon Pemerintah",thumbnails/i3xUhAWpPXQ.jpg,0
oM9UEN_LFEM,"Menlu Retno Sampaikan Kerja Sama Indonesia-Jepang Vaksin Mpox, Sebut Sudah Ada 1.600 Dosis!",thumbnails/oM9UEN_LFEM.jpg,0
PT5x2TOlnUY,"Antisipasi Mpox di Jember, RSD Dokter Soebandi Siapkan 6 Kamar Isolasi",thumbnails/PT5x2TOlnUY.jpg,0
HBkZ_aXnQV4,"Evaluasi Capaian Imunisasi Dasar di Kalbar, Pontianak Daerah Terendah",thumbnails/HBkZ_aXnQV4.jpg,0
2kqTXZol6wE,"Badai Yagi Terjang Vietnam, 4 Orang Tewas dan 78 Orang Lainnya Terluka",thumbnails/2kqTXZol6wE.jpg,0
b5328-q3xKY,"Terbaru! 9 Orang Tewas Akibat Topan Yagi di Vietnam, Lebih dari 526 Ribu Warga Hainan Terdampak",thumbnails/b5328-q3xKY.jpg,0
GdyDRPMRPDI,Prediksi Laga Panas! Indonesia vs Saudi Arabia - Kualifikasi Piala Dunia,thumbnails/GdyDRPMRPDI.jpg,0
xlL1m_he1x4,"Minta Tambahan Senjata, AS Langsung Beri Bantuan Militer 250 Juta Dolar ke Ukraina",thumbnails/xlL1m_he1x4.jpg,0
OYXB9k1dKYI,Rogers On FIRE! End-to-End Small-Sides Games & Team Red With The Win! | Inside Training U21,thumbnails/OYXB9k1dKYI.jpg,0
FlJhKjspxNE,"PRESIDEN UKRAINA MERATAP, RUSIA BOMBARDIR DONBASS SESUKA PUTIN",thumbnails/FlJhKjspxNE.jpg,0
3OQToElxke4,AC MILAN 3-3 LIVERPOOL: 2005 CHAMPIONS LEAGUE FINAL FLASHBACK,thumbnails/3OQToElxke4.jpg,0
g-ytapKNCMM,Full Stop (마침표),thumbnails/g-ytapKNCMM.jpg,0
sPG9ftaxO4c,"Trent v Bellingham Speed Test, Mainoo's Bicycle Kick & Kane's Goal-Line Clearance | Inside Training",thumbnails/sPG9ftaxO4c.jpg,0
wzcbtH3tt-0,Full Stop Punctuation,thumbnails/wzcbtH3tt-0.jpg,0
_ZXkYGiHIuI,Full Stop Punctuation,thumbnails/_ZXkYGiHIuI.jpg,0
cZ_KgEjb6ww,Full stop punctuation,thumbnails/cZ_KgEjb6ww.jpg,0
jeDKsg8r3ew,When I met the most famous Cristiano,thumbnails/jeDKsg8r3ew.jpg,0
cTK5hRSZe8I,Republic Of Ireland 0-2 England | Rice and Grealish On Target In Dublin | Nations League Highlights,thumbnails/cTK5hRSZe8I.jpg,0
tKwveS2QhHA,MOMEN HARU CRISTIANO RONALDO BIKIN GOL KE-900! TARGET 1000 GOL SEBELUM PENSIUN SEMAKIN NYATA,thumbnails/tKwveS2QhHA.jpg,0
gHQRyBeVz3Q,Cristiano Ronaldo gives Portugal late win over Scotland,thumbnails/gHQRyBeVz3Q.jpg,0
tFXRWM87uDE,Sculpting Cristiano Ronaldo | UEFA EURO,thumbnails/tFXRWM87uDE.jpg,0
YtzHAkcjHv4,MAN. UNITED p1-1 CHELSEA: #UCL 2008 FINAL FLASHBACK,thumbnails/YtzHAkcjHv4.jpg,0
0kRVw3Qmw9w,Momen Paus Fransiskus Berkati Anak Nadiem Makarim dan Menko Luhut Beri Tanaman,thumbnails/0kRVw3Qmw9w.jpg,0
HuN_hhz6oXQ,07/08: The Season Of Cristiano Ronaldo | Best Man Utd Goals & Highlights,thumbnails/HuN_hhz6oXQ.jpg,0
WIxrIM3dGuQ,Magician Florian Sainvet Performs Mind-Bending Magic With CDs - America's Got Talent 2020,thumbnails/WIxrIM3dGuQ.jpg,0
53sN3KjUEM8,10 Mind Boggling Moments Caught On Camera,thumbnails/53sN3KjUEM8.jpg,0
eXVSE57OYdM,MIND BLOWING Singing Audition of 'I Who Have Nothing' by Tom Jones! | Amazing Auditions,thumbnails/eXVSE57OYdM.jpg,0
-IWk5NkxQF8,10 Mind Blowing Optical Illusions,thumbnails/-IWk5NkxQF8.jpg,0
xOMMV_qXcQ8,Mind Blowing OLED Dolby Vision - 4K HDR 240 fps,thumbnails/xOMMV_qXcQ8.jpg,0
D-UmfqFjpl0,Dog of Wisdom,thumbnails/D-UmfqFjpl0.jpg,0
r_lN52VwrBo,Unforgettable Goals in Football History,thumbnails/r_lN52VwrBo.jpg,0
eOMqaQFFhk0,BAYERN 1-1p CHELSEA: #UCL 2012 FINAL FLASHBACK,thumbnails/eOMqaQFFhk0.jpg,0
Rtsp6KrRE8I,JUVENTUS 1-4 REAL MADRID: #UCL 2017 FINAL FLASHBACK,thumbnails/Rtsp6KrRE8I.jpg,0
EN1SJT76JoY,Diana - LIKE IT - Kids Song (Official Video),thumbnails/EN1SJT76JoY.jpg,0
31J_Xs6SLSo,JUDES PISAAAN!! Zehan Bareng Irfan Hakim Ngobrol Pakai Bahasa Sunda | Wonder Kids Indonesia,thumbnails/31J_Xs6SLSo.jpg,0
FiXCxfWWwPo,KIDZ BOP Kids - Dance Monkey (Official Music Video),thumbnails/FiXCxfWWwPo.jpg,0
G9H2aliqkq8,Ten in the Bed (Family Edition) | Little Angel Kids Songs & Nursery Rhymes,thumbnails/G9H2aliqkq8.jpg,0
qYaHoiUK0sc,Baby Shark + Wheels On the Bus song - Soccer ball shaped wheels - Baby Nursery Rhymes & Kids Songs,thumbnails/qYaHoiUK0sc.jpg,0
KZ5l5QEBQho,North Texas dad spends summer building front yard rollercoaster with kids,thumbnails/KZ5l5QEBQho.jpg,0
oZnc6GJJl_8,Kendall & Kylie Jenner Growing Up Through KUWTK | Seasons 1-18 | Keeping Up With The Kardashians,thumbnails/oZnc6GJJl_8.jpg,0
FHJ3CMWnVxY,Furniture Optical Illusions - Zach King Magic,thumbnails/FHJ3CMWnVxY.jpg,0
0zv0XPiY420,"Jude and Trent Chat Ball Knowledge, Iconic Cele & New High Score? Ep.10 | Lions' Den Connected By EE",thumbnails/0zv0XPiY420.jpg,0
NZh5YxDpuK4,Take Care,thumbnails/NZh5YxDpuK4.jpg,0
V_cRKk7y4OA,Ultimate Funny Pool Fails Compilation | FailArmy,thumbnails/V_cRKk7y4OA.jpg,0
0NHQz_s2Chk,Brits Try WEIRD Fair Foods at the BIGGEST State Fair Minnesota,thumbnails/0NHQz_s2Chk.jpg,0
3r3OgTR-7TA,Kylie Jealous Of Kendall | Season 4 | Keeping Up With The Kardashians,thumbnails/3r3OgTR-7TA.jpg,0
6VMRAGxjOoA,Blank Room Soup.avi,thumbnails/6VMRAGxjOoA.jpg,0
S7afGh8eLNk,Doctor Strange's 1978 Film RUINED The Character,thumbnails/S7afGh8eLNk.jpg,0
fNHYuoKHTwg,Strange balloon floats across the Denver metro sky,thumbnails/fNHYuoKHTwg.jpg,0
Kr670q3ITdU,"Foden's Skill, Water Balloon Fight, Unreal Goals & Saka's Jokes 🔥  Best Of Group Stages | England",thumbnails/Kr670q3ITdU.jpg,0
TmeWEzc2mLA,Nasa astronaut hears ‘strange noise’ coming from Boeing Starliner spacecraft,thumbnails/TmeWEzc2mLA.jpg,0
iiTDUNkRn0w,Spider-Man Stops A Train,thumbnails/iiTDUNkRn0w.jpg,0
uKYV2qjYIS0,Spooder-Man: Across The Spooder-Verse Trailer,thumbnails/uKYV2qjYIS0.jpg,0
wUoxbm9MUc0,Weirdest Things On Amazon!,thumbnails/wUoxbm9MUc0.jpg,0
9ZmyxccQQWI,The Scariest Scene Ever -  Nosferatu (1922) - Horror movie (HD),thumbnails/9ZmyxccQQWI.jpg,0
OJTbbQN-ATA,Burning.mp4,thumbnails/OJTbbQN-ATA.jpg,0
NjSEKXed1xU,🔴 LIVE | Lee Carsley and Harry Kane pre-match press conference | Ireland v England | Nations League,thumbnails/NjSEKXed1xU.jpg,0
_TN51ykGZPk,'Time To Play': World Cup 2022,thumbnails/_TN51ykGZPk.jpg,0
A-r9sj7zHJ4,The Beauty of Football - Greatest Moments,thumbnails/A-r9sj7zHJ4.jpg,0
gFhpJzDWRxY,North Dakota State Bison vs. Colorado Buffaloes | Full Game Highlights | ESPN College Football,thumbnails/gFhpJzDWRxY.jpg,0
_ag9qFLDWfw,Western Michigan Broncos vs. No. 2 Ohio State Buckeyes Highlights | FOX College Football,thumbnails/_ag9qFLDWfw.jpg,0
OOvyseZM1gQ,Top 50+ Unique & Original Football Skills,thumbnails/OOvyseZM1gQ.jpg,0
Sad-2ggo-fs,Portugal vs Croatia 2-1 Live Stream UEFA Nations League Football Match 2024 Score Highlights Vivo,thumbnails/Sad-2ggo-fs.jpg,0
3pZXMAy95H0,Michigan State Spartans vs. Maryland Terrapins Highlights | FOX College Football,thumbnails/3pZXMAy95H0.jpg,0
zVeyKqclcQ0,Florida A&M Rattlers vs. Miami Hurricanes | Full Game Highlights | ESPN College Football,thumbnails/zVeyKqclcQ0.jpg,0
0E3dBiyoXV0,"Ria Ricis Diisukan Nikah Siri dengan Atta Halilintar, Oki Setiana Dewi: Itu Nggak Bener!",thumbnails/0E3dBiyoXV0.jpg,0
7KlA7WTxbos,"Dituding Menikah Siri dengan Ria Ricis, Atta Halilintar Lapor ke Polisi | AKIS tvOne",thumbnails/7KlA7WTxbos.jpg,0
2D1cCIzMMdo,"Pemain Timnas Indonesia Ragnar Oratmangoen Punya ""Ritual"" Sebelum Laga, Apa Itu?",thumbnails/2D1cCIzMMdo.jpg,0
dL-3iynZ-bw,"Kans Lolos ke Semifinal Semakin Kecil, Futsal Putra Sumut Kalah 1-2 dari Jatim di PON 2024",thumbnails/dL-3iynZ-bw.jpg,0
8vrDeV46LTk,Momen Lucu Sandy Walsh vs Ragnar Klaim Goal Lawan Arab,thumbnails/8vrDeV46LTk.jpg,0
2YgXqgmRQo0,Kocak! Sandy Walsh dan Ragnar Rebutan Klaim Goal Lawan Arab,thumbnails/2YgXqgmRQo0.jpg,0
K9IcmOW5m-Q,Futsal Putri Sumut Lolos Semifinal Usai Libas Papua Pegunungan,thumbnails/K9IcmOW5m-Q.jpg,0
9FdhR60NA6o,"Deltras FC Kontrak 33 Pemain untuk Bertanding di Liga 2, Mulai dari Senior hingga 3 Asal Brazil",thumbnails/9FdhR60NA6o.jpg,0
MYvNcGa75s0,Tim Futsal Putri DKI Jakarta 'CUKUR' Tuan Rumah Sumut dengan Skor Telak 11-0❗,thumbnails/MYvNcGa75s0.jpg,0
MuwjQ_926k0,Hasil Akhir Pertandingan - Persela Lamongan vs Deltras FC | Pegadaian Liga 2 2024/25,thumbnails/MuwjQ_926k0.jpg,0
hweSWtzTCjE,Bambang Wijaya Sumbang Medali Emas Pertama bagi Aceh - iNews Pagi 08/09,thumbnails/hweSWtzTCjE.jpg,0
Lp5eyR9I8G0,Persela Lamongan vs Deltras FC | Line Up & Kick Off Pegadaian Liga 2 2024/25,thumbnails/Lp5eyR9I8G0.jpg,0
nEF8kx7wlRg,"Tampil di Kelas 67 Kilogram, Eko Yuli Irawan Memecahkan Rekor PON",thumbnails/nEF8kx7wlRg.jpg,0
0TRd-c0PK_I,Eko Yuli Irawan Dipastikan Berlaga di PON 2024,thumbnails/0TRd-c0PK_I.jpg,0
0fv_buqJPFQ,Lifter Aceh Bambang Wijaya Raih Medali Emas untuk Aceh di Kelas 81 Kg,thumbnails/0fv_buqJPFQ.jpg,0
5gIkYTMR-GU,Eko Yuli Irawan Dipastikan Berlaga di PON Aceh-Sumut 2024,thumbnails/5gIkYTMR-GU.jpg,0
M8l_mWe5TyA,Bambang Wijaya Sumbang Emas Pertama untuk Aceh di PON XXI! Total Angkatan 305 Kg,thumbnails/M8l_mWe5TyA.jpg,0
Dh2mhimtPAU,Kylian Mbappé: “I want to put my name in the history of football”,thumbnails/Dh2mhimtPAU.jpg,0
dGgo_sdxABk,FRANCE 1-3 ITALY: MBAPPE SILENCED AS DESCHAMPS' SIDE LOSE NATIONS LEAGUE OPENER,thumbnails/dGgo_sdxABk.jpg,0
GXelqm6m1x0,EXCLUSIVE | Beckham and Mbappé: The Stars Align,thumbnails/GXelqm6m1x0.jpg,0
wpS0Y9D5ZyI,"Mbappé au Parc des Princes : l'accueil ""m'est égal"" | AFP",thumbnails/wpS0Y9D5ZyI.jpg,0
aYjFliqVFzc,Mbappé signs for Real Madrid!,thumbnails/aYjFliqVFzc.jpg,0
znb-fpJwN3Y,A Conversation with Kylian Mbappé | Complex,thumbnails/znb-fpJwN3Y.jpg,0
OExa1LxYk0s,"""That's What I Do"" 😎 Kylian Mbappe Is Too Cold With It 🥶| LiveScore",thumbnails/OExa1LxYk0s.jpg,0
QHKnvLgG7HA,Kylian Mbappé Knows He's Too Competitive,thumbnails/QHKnvLgG7HA.jpg,0
5qQ9d-3rcz0,Youngsters Should Be Banned From Being MPs?,thumbnails/5qQ9d-3rcz0.jpg,0
MrS-46e59V4,My Religion and My Banned Books,thumbnails/MrS-46e59V4.jpg,0
Rb8-BSN1-ys,Elon's X Banned In Brazil | Chapo Trap House,thumbnails/Rb8-BSN1-ys.jpg,0
GvT-XEt541w,Elon Musk defies X ban in Brazil by beaming app from space,thumbnails/GvT-XEt541w.jpg,0
AWmiGX8EG9M,Hansi Flick's EXPLOSIVE dressing room teamtalk 💥,thumbnails/AWmiGX8EG9M.jpg,0
GH332rw1zp8,Brazil: X ban drives outraged Bolsonaro supporters to rally for ‘free speech’ | Latest News | WION,thumbnails/GH332rw1zp8.jpg,0
cyyZKzpyQHU,"Angry Bonucci screaming in the dressing room, Ronaldo agrees (All or Nothing)",thumbnails/cyyZKzpyQHU.jpg,0
aQ89Wdd77B8,Elon Musk's X under pressure amid Brazil ban | BBC News,thumbnails/aQ89Wdd77B8.jpg,0
OD2NgNq5-94,Barcelona dressing room after Liverpool,thumbnails/OD2NgNq5-94.jpg,0
XWnwYcH8THg,Pep Guardiola Angry in Locker Room Subtited English (Manchester City Speech Premier League),thumbnails/XWnwYcH8THg.jpg,0
qagvMkxRVBk,First generation American issues warning about Brazil's X Ban,thumbnails/qagvMkxRVBk.jpg,0
z_Uw4i_eBtY,10 Inappropriate Scenes in Disney Films,thumbnails/z_Uw4i_eBtY.jpg,0
wbx8Vj4yxWY,mmmm cow is inappropriate for this kid,thumbnails/wbx8Vj4yxWY.jpg,0
wJzyxcADORc,Caregiver Training: Sexually Inappropriate Behaviors | UCLA Alzheimer's and Dementia Care Program,thumbnails/wJzyxcADORc.jpg,0
wfqcZw80x7M,Inappropriate gesture? 16-year-old Sara Bejlek with her dad/coach,thumbnails/wfqcZw80x7M.jpg,0
IwtNFzX0ni8,10 Best Places to Visit in Indonesia - Travel Video,thumbnails/IwtNFzX0ni8.jpg,0
Nt5qis3jvE8,Forbidden love in Indonesia | DW Documentary,thumbnails/Nt5qis3jvE8.jpg,0
fWENuDSu05Q,Indonesia’s $33B Capital Relocation Plan Is Imploding | WSJ Breaking Ground,thumbnails/fWENuDSu05Q.jpg,0
IyoBbzCqvbE,Pope Francis kisses hand of Jakarta mosque's grand imam after interfaith meet in Indonesia,thumbnails/IyoBbzCqvbE.jpg,0
v0IEAvY8WBw,Momen Latihan Timnas Indonesia Besutan Shin Tae-yong Jelang Lawan Australia Menuju Piala Dunia,thumbnails/v0IEAvY8WBw.jpg,0
NhA41QLiN4A,Bidik Peluang Timnas Indonesia Menang Lawan Australia di Kualifikasi Piala Dunia - Sindo Sore 08/09,thumbnails/NhA41QLiN4A.jpg,0
uC86RByuGHk,Argentina vs Indonesia - Highlight | Seoul Earth On Us Cup 2024,thumbnails/uC86RByuGHk.jpg,0
LjOxZjSujFI,FULL HIGHLIGHT! SAUDI ARABIA (1) VS (1) INDONESIA | AFC ASIAN QUALIFIER,thumbnails/LjOxZjSujFI.jpg,0
ejYTXbwYpk0,Dahsyatnya Topan Super Yagi yang Memakan Korban Jiwa di China dan Vietnam,thumbnails/ejYTXbwYpk0.jpg,0
isInKCvPUx8,"Kilas Mancanegara: Cina ""Sengsara"" Dilanda Topan Yagi hingga Kebakaran Sekolah di Kenya | Liputan 6",thumbnails/isInKCvPUx8.jpg,0
La7fMoN2um0,"BMKG Deteksi Ada Siklon Tropis Yagi di Utara Indonesia, Apakah Berbahaya?",thumbnails/La7fMoN2um0.jpg,0
sRR6VipPeeo,"Vietnam Diterjang Topan Yagi, Banjir & Puluhan Pohon Tumbang!",thumbnails/sRR6VipPeeo.jpg,0
ivKJrTXFpwY,"Topan Yagi Melanda Vietnam, Tewaskan 4 Orang",thumbnails/ivKJrTXFpwY.jpg,0
rBoYIDWghZc,Indonesia Makes Us Feel ALIVE!,thumbnails/rBoYIDWghZc.jpg,0
sAPjXoxkG68,Latihan Perdana di Arab Saudi!,thumbnails/sAPjXoxkG68.jpg,0
6DcT6qwCBIg,"Sapa Warga di CFD Jakarta, Pramono-Rano Nyanyi ""Si Doel Anak Betawi"" - iNews Malam 08/09",thumbnails/6DcT6qwCBIg.jpg,0
-MXa5UA2Xuw,"Zehan, Anak Kecil Yang Viral Karena Kecerewetannya! | BROWNIS (20/8/24) P2",thumbnails/-MXa5UA2Xuw.jpg,0
kPTmkc6Ti7Y,My first Indonesian Independence Day 🇮🇩 Selamat Hari Kemerdekaan!,thumbnails/kPTmkc6Ti7Y.jpg,0
Df46CRQq5RI,Indonesia U23 v Australia U23 | Highlights | AFC U23 Asian Cup 2024,thumbnails/Df46CRQq5RI.jpg,0
yjc7FEYXTaw,Indonesia marks Independence Day in new capital still under construction,thumbnails/yjc7FEYXTaw.jpg,0
zIzIigyd67g,Indonesians celebrate 79th Independence Day in new capital Nusantara,thumbnails/zIzIigyd67g.jpg,0
ahrkUnMRLsw,HIGHLIGHTS! Yordania (1) vs (4) Indonesia | AFC U23 ASIAN CUP QATAR 2024,thumbnails/ahrkUnMRLsw.jpg,0
w_S5Up7vwf0,The Elegance Of João Veloso,thumbnails/w_S5Up7vwf0.jpg,0
2sNkmHMLsVw,SURVIVE Official Trailer (2024),thumbnails/2sNkmHMLsVw.jpg,0
4YwDGz3fEpE,Building wood survival shelter in wildlands | Bushcraft & Campfire grilled meat,thumbnails/4YwDGz3fEpE.jpg,0
8AimnD68l-w,The Voice UK 2013 | Leah McFall performs 'I Will Survive' - The Live Quarter-Finals - BBC,thumbnails/8AimnD68l-w.jpg,0
3pSW8-3Zth0,"Boy uses umbrella to prevent elevator door from closing, causes free fall",thumbnails/3pSW8-3Zth0.jpg,0
jntJzHqAGMo,The Most Dangerous Plane Landing - Emergency and Crosswind Landing Gone Wrong 2023,thumbnails/jntJzHqAGMo.jpg,0
Hz2F_S3Tl0Y,I Jumped From Space (World Record Supersonic Freefall),thumbnails/Hz2F_S3Tl0Y.jpg,0
4CSOwxhGvmY,Wingsuit Flight - straight & steep line,thumbnails/4CSOwxhGvmY.jpg,0
OstJPsb684k,Speedriding Mont Blanc (4809m),thumbnails/OstJPsb684k.jpg,0
TlLrAV-wejA,【Black Myth Wukong】Wukong Stance,thumbnails/TlLrAV-wejA.jpg,0
ZdLrHHJ9I4M,The Dark Truth of Black Myth Wukong,thumbnails/ZdLrHHJ9I4M.jpg,0
G1h8h2hxUqE,Alvin and The Chipmunks  - Bad Day (Lyrics Video 1080p),thumbnails/G1h8h2hxUqE.jpg,0
2sw8o2JID70,I had a really bad day,thumbnails/2sw8o2JID70.jpg,0
sedFIRJttss,"Daniel Powter Performs ""Bad Day"" on the CGT Stage | Canada's Got Talent 2024",thumbnails/sedFIRJttss.jpg,0
i90zvLR5wMU,BRASIL 1 X 0 EQUADOR | MELHORES MOMENTOS | 7ª RODADA ELIMINATÓRIAS COPA DO MUNDO 2026 | ge.globo,thumbnails/i90zvLR5wMU.jpg,0
Lr6RAhhyBGk,Green Bay Packers vs. Philadelphia Eagles Game Highlights | 2024 NFL Season,thumbnails/Lr6RAhhyBGk.jpg,0
EvrBw7vu6qI,ABRIMOS AS PORTAS DA NOSSA CASA – PARTE 1 - CASA GIALLA,thumbnails/EvrBw7vu6qI.jpg,0
3UdKB3ZSKH0,ITÁLIA SUPERA 'GOL RELÂMPAGO' E VENCE A FRANÇA DE VIRADA COM PINTURA SURREAL NA NATIONS LEAGUE,thumbnails/3UdKB3ZSKH0.jpg,0
yLKro0q0tGY,Mari Fernandez - MORDIDA E CARINHO (clipe Oficial),thumbnails/yLKro0q0tGY.jpg,0
E6tJvAg3EXg,CRIEI UM CELULAR QUE FUNCIONA NO MINECRAFT,thumbnails/E6tJvAg3EXg.jpg,0
gDfkC5v5SsU,PERU 1 X 1 COLÔMBIA | MELHORES MOMENTOS | ELIMINATÓRIAS DA COPA DO MUNDO | ge.globo,thumbnails/gDfkC5v5SsU.jpg,0
v_4N4OKEE8o,"Chelsea perde ‘caminhão de chances’, leva golaço e fica no empate com o Crystal Palace em casa",thumbnails/v_4N4OKEE8o.jpg,0
7ik7v34i0NY,"Combate, passes rápidos e mais: veja como foi a estreia de André pelo Wolverhampton",thumbnails/7ik7v34i0NY.jpg,0
DN8vd6iiql8,"HAALAND MARCA, E MANCHESTER CITY BATE O CHELSEA NA 1ª RODADA DA PREMIER LEAGUE | Melhores Momentos",thumbnails/DN8vd6iiql8.jpg,0
Yfp4R-0wyf4,PORTUGAL 2 X 1 CROÁCIA | LIGA DAS NAÇÕES | MELHORES MOMENTOS | sportv,thumbnails/Yfp4R-0wyf4.jpg,0
ZDdsBfhmS6Q,SORTE? LÓGICA? E O BRASIL? GUARDIOLA COMO VOCÊ POUCO VIU! ENTREVISTA com um dos maiores da história!,thumbnails/ZDdsBfhmS6Q.jpg,0
U-Km1k-hYhI,Ataque nos EUA: Atirador de 14 anos está detido e será julgado como adulto | BASTIDORES CNN,thumbnails/U-Km1k-hYhI.jpg,0
Oa20uWTycfQ,ALEMANHA 5 X 0 HUNGRIA | MELHORES MOMENTOS | LIGA DAS NAÇÕES UEFA | sportv,thumbnails/Oa20uWTycfQ.jpg,0
9ex39WWsscU,GEÓRGIA 4 X 1 REPÚBLICA TCHECA | GOLS | LIGA DAS NAÇÕES UEFA 2024/25 | sportv,thumbnails/9ex39WWsscU.jpg,0
uHTbEG0LD68,AVAÍ X SPORT | MELHORES MOMENTOS | 25ª RODADA BRASILEIRÃO SÉRIE B 2024 | ge.globo,thumbnails/uHTbEG0LD68.jpg,0
cTDfw-ZmtWA,LUXEMBURGO 0 X 1 BELARUS | MELHORES MOMENTOS | LIGA DAS NAÇÕES UEFA 2024/25 | sportv,thumbnails/cTDfw-ZmtWA.jpg,0
I6VpZ3bnnKI,Wingsuit Flying over the Maldives Islands,thumbnails/I6VpZ3bnnKI.jpg,0
4MK89zVlYdQ,Funny Instant Karma Fails! | 100% Funny 😆,thumbnails/4MK89zVlYdQ.jpg,0
eAPqQFWEoKg,Busy Beavers Build Dam Ahead of Winter | Yellowstone | BBC Earth,thumbnails/eAPqQFWEoKg.jpg,0
XnitQYkYYcw,Damn Nature You Scary | WILD Animal Encounters,thumbnails/XnitQYkYYcw.jpg,0
B3OjfK0t1XM,Iguana chased by killer snakes | Planet Earth II: Islands - BBC,thumbnails/B3OjfK0t1XM.jpg,0
kgrV3_g9rYY,World’s Grumpiest Cat I Frozen Planet II I BBC,thumbnails/kgrV3_g9rYY.jpg,0
UR8Vm9Y19Hg,brah i love these cat critter things like what even r these they’re so friend shaped,thumbnails/UR8Vm9Y19Hg.jpg,0
40_R3lyMMRo,Neymar Prime in Barcelona is Unforgettable | Best Skills & Goals HD,thumbnails/40_R3lyMMRo.jpg,0
rPAxrIrw1oU,Prime Neymar Was Actually Insane,thumbnails/rPAxrIrw1oU.jpg,0
Xnkp4Cj1HDw,🔥motivational watsapp status Neymar Jr || HD || 2022 🔥,thumbnails/Xnkp4Cj1HDw.jpg,0
s7S3TxSCcQw,Neymar Jr free 4K Clips • Dance Celebrations • Scene Pack • {2160p No Watermark} ~ Part 3,thumbnails/s7S3TxSCcQw.jpg,0
MPn3a0Y6gyQ,All #UCL Goals: NEYMAR,thumbnails/MPn3a0Y6gyQ.jpg,0
P_ihwXty6Ls,Neymar Top 30 Goals That Shocked the World,thumbnails/P_ihwXty6Ls.jpg,0
wPJdYYKt694,"SOB OLHARES DE MEMPHIS DEPAY, HOLANDA GOLEIA A BÓSNIA NA NATIONS LEAGUE | Melhores Momentos",thumbnails/wPJdYYKt694.jpg,0
3H0dQ-9UPW0,"EDMUNDO GONZALES DEIXA A VENEZUELA APÓS SER AMEAÇADO DE PRISÃO, E TUFÃO DEIXA 9 MORTOS NO VIETNÃ",thumbnails/3H0dQ-9UPW0.jpg,0
2z_vHdmnjAk,Opositor Edmundo González pede asilo político à Espanha e deixa Venezuela,thumbnails/2z_vHdmnjAk.jpg,0
DsPmSWy9ZiI,Análise: A atuação do STF na suspensão do X no Brasil | WW,thumbnails/DsPmSWy9ZiI.jpg,0
YdDlWmM4x_I,Teo Cury: Maduro mostra retaliação após países se oporem a ele | AGORA CNN,thumbnails/YdDlWmM4x_I.jpg,0
PMIAnKaRJ0Y,Desfile de 7 de Setembro em Brasília (DF) é assistido por 30 mil pessoas,thumbnails/PMIAnKaRJ0Y.jpg,0
6sXL053d1ns,Bolsonaro critica Marçal por ato na paulista | AGORA CNN,thumbnails/6sXL053d1ns.jpg,0
9ZHeKutt_cs,"‘Aspirador de pó’, ‘canalha’ e mais: embate entre Marçal e Boulos tem festival de troca de ofensas",thumbnails/9ZHeKutt_cs.jpg,0
EJrFzr_Patw,Pablo Marçal  (PRTB) | CNN Eleições: entrevistas com candidatos - São Paulo,thumbnails/EJrFzr_Patw.jpg,0
Vlbc0Uvs5Ak,Avião de pequeno porte cai e deixa duas pessoas feridas em Teresina (PI),thumbnails/Vlbc0Uvs5Ak.jpg,0
iiJIUnSoa_U,Venezuela expulsa Brasil de embaixada Argentina em Caracas | Crise Diplomática Maduro,thumbnails/iiJIUnSoa_U.jpg,0
5JOYVDS60bw,Maduro retira custódia do Brasil da embaixada argentina; especialista analisa,thumbnails/5JOYVDS60bw.jpg,0
vgb75iSQez8,NIKOLAS FERREIRA PARA MORAES EM ATO NA AV. PAULISTA: 'O JUIZ MAIS TIRANO',thumbnails/vgb75iSQez8.jpg,0
_tE5hVovTYk,José Casado analisa as pesquisas eleitorais na disputa pela cidade de São Paulo | Os Três Poderes,thumbnails/_tE5hVovTYk.jpg,0
pPTcwK_TL3I,Especialista: Decisão de Moraes foi construída sem pensar nas consequências secundárias | AGORA CNN,thumbnails/pPTcwK_TL3I.jpg,0
x2ZLS1V3iMw,'Drink water': Ronaldo removes Coca-Cola bottles in press conference,thumbnails/x2ZLS1V3iMw.jpg,0
yY-_AiER6sg,Ronaldo's bottle removing trend sweeps across Euro 2020 😆🥤,thumbnails/yY-_AiER6sg.jpg,0
2TQLwiiUyAU,God Knows I'm Allergic to Bad Things | The Equalizer 3 (Denzel Washington),thumbnails/2TQLwiiUyAU.jpg,0
etz7BFT7z3U,VINI JR. FAZ GOL ANTOLÓGICO NO MELHOR JOGO DA TEMPORADA DA CHAMPIONS LEAGUE! CITY 4 X 3 REAL MADRID,thumbnails/etz7BFT7z3U.jpg,0
0OLuPL3ul3A,CORINTHIANS 2 X 1 FLAMENGO | MELHORES MOMENTOS | 25ª RODADA BRASILEIRÃO 2024 | ge.globo,thumbnails/0OLuPL3ul3A.jpg,0
aDrR36wQCrI,CORINTHIANS 2 X 1 FLAMENGO - CAMPEONATO BRASILEIRO 2024; VEJA OS GOLS!,thumbnails/aDrR36wQCrI.jpg,0
oC4EWup-D6g,Every Lionel Messi Champions League Goal!,thumbnails/oC4EWup-D6g.jpg,0
_UVK0h72UB0,Lamine Yamal | EURO 2024 Goals & Assists,thumbnails/_UVK0h72UB0.jpg,0
IgwsdBR_N1w,Portugal v Spain - The full EURO 2012 penalty shoot-out,thumbnails/IgwsdBR_N1w.jpg,0
TvN3atq9Xpg,EURO 2000 highlights: Yugoslavia 3-4 Spain,thumbnails/TvN3atq9Xpg.jpg,0
9ZrwFJZfW5M,Cristiano Ronaldo Scores Career 900 GOAL !!,thumbnails/9ZrwFJZfW5M.jpg,0
k6de8dFEnSc,Juventus 0 x 3 Real Madrid- Melhores Momentos - Quartas de Final Champions League 2017/18,thumbnails/k6de8dFEnSc.jpg,0
VThnNAkVAXk,Portugal vs Croatia (2-1) HIGHLIGHTS: Cristiano Ronaldo in tears after scoring 900th goal,thumbnails/VThnNAkVAXk.jpg,0
iCk2iebosRc,5 GRANDES MOMENTOS DE CRISTIANO RONALDO NA CHAMPIONS LEAGUE,thumbnails/iCk2iebosRc.jpg,0
eE1NEt7jyA4,JOGADAS MÁGICAS DE CRISTIANO RONALDO,thumbnails/eE1NEt7jyA4.jpg,0
Nt8198a0acA,CRISTIANO RONALDO OVERHEAD KICK FROM ALL ANGLES! ,thumbnails/Nt8198a0acA.jpg,0
e_rVIDQu6y0,Cristiano Ronaldo vs Croatia | CR 7 Ronaldo scored 900 Goals |HIGHLIGHTS : Portugal vs Croatia (2:1),thumbnails/e_rVIDQu6y0.jpg,0
PX8ykesLfSE,Beckham or Giggs? Benzema or Mbappé? Cristiano Ronaldo names his top player,thumbnails/PX8ykesLfSE.jpg,0
2mh_ZICm-EU,"""I want to have dinner with Messi!"" Cristiano Ronaldo talks his greatest rival",thumbnails/2mh_ZICm-EU.jpg,0
FH03brc63GE,Cristiano Ronaldo: From Humble Beginnings to Unmatched Greatness,thumbnails/FH03brc63GE.jpg,0
HewtIPiQueU,ENGLISH SPEECH | CRISTIANO RONALDO: CR7 Joins Al Nassr (English Subtitles),thumbnails/HewtIPiQueU.jpg,0
kbKldiDOgEE,Cristiano Ronaldo: The World’s Best Footballer Like You’ve Never Seen Him Before,thumbnails/kbKldiDOgEE.jpg,0
H7EJyQ8lb7o,2024 Copa América Final: Argentina's trophy ceremony following 1-0 victory over Colombia,thumbnails/H7EJyQ8lb7o.jpg,0
uo1Kj1aZyUk,Messi Lifts Copa America Trophy 2024,thumbnails/uo1Kj1aZyUk.jpg,0
I4HKRpPvFBE,Ronaldo takes fans on a tour of his house,thumbnails/I4HKRpPvFBE.jpg,0
uTOSC1zVRuo,Argentina pulls out tough victory over Colombia to become Copa América Champions | 2024 Copa América,thumbnails/uTOSC1zVRuo.jpg,0
4Ugt4exeQ8E,Neymar Jr | Riyadh Puma Store,thumbnails/4Ugt4exeQ8E.jpg,0
R00LqJ47PlA,An 18-year-old Cristiano Ronaldo is helped by Gary Neville in his first English interview,thumbnails/R00LqJ47PlA.jpg,0
NrGWmrmXfFo,Lionel Messi & Cristiano Ronaldo Joke At UEFA Champions League Draw,thumbnails/NrGWmrmXfFo.jpg,0
eu5HUrEHsmc,Cristiano Ronaldo Talks About His Parents [Emotional Video],thumbnails/eu5HUrEHsmc.jpg,0
sLGXktFmpEM,Cristiano Ronaldo complete interview with Piers Morgan,thumbnails/sLGXktFmpEM.jpg,0
4rp2aLQl7vg,Portugal v Spain | 2018 FIFA World Cup | Match Highlights,thumbnails/4rp2aLQl7vg.jpg,0
91eoGiLSCgY,Another famous comeback win | Japan v Spain | FIFA World Cup Qatar 2022,thumbnails/91eoGiLSCgY.jpg,0
OFgtCHGTm6w,Australia v Cameroon | FIFA U-20 Women's World Cup Colombia 2024 | Match Highlights,thumbnails/OFgtCHGTm6w.jpg,0
Lgytsf4gBa0,Mexico v Colombia | FIFA U-20 Women's World Cup Colombia 2024 | Match Highlights,thumbnails/Lgytsf4gBa0.jpg,0
YttwmhKvU_4,Richarlison's Scissor Kick Goal v Serbia | 2022 FIFA World Cup,thumbnails/YttwmhKvU_4.jpg,0
KRqgjpiwrY8,Cristiano Ronaldo's Free Kick Goal vs Spain | 2018 FIFA World Cup,thumbnails/KRqgjpiwrY8.jpg,0
xnBr_gSPz8U,The Mbappe Show | France v Poland | Round of 16 | FIFA World Cup Qatar 2022,thumbnails/xnBr_gSPz8U.jpg,0
SVLe7KMu0u8,LIONEL MESSI REACTION | FIFA Ballon d'Or winner [FULL],thumbnails/SVLe7KMu0u8.jpg,0
wdyyJdLB1OM,EVERY BRAZIL GOAL FROM THE 2022 FIFA WORLD CUP,thumbnails/wdyyJdLB1OM.jpg,0
3BX7xVFZMBM,Messi wins the FIFA BALLON D'OR 2010,thumbnails/3BX7xVFZMBM.jpg,0
GRqx-xXloHU,Rate These Skills ft. Neymar 🇧🇷⭐️,thumbnails/GRqx-xXloHU.jpg,0
Yv-DC4eqjVg,"Neymar Reveals All In The ""Mbappé, Messi Or Neymar"" Interview!",thumbnails/Yv-DC4eqjVg.jpg,0
2sv27K1mv7w,Real Madrid v Barcelona (1-3) | Gavi Stars In Xavi Revolution | Spanish Super Cup Final Highlights,thumbnails/2sv27K1mv7w.jpg,0
TBLs_WNctnk,⭐️ THIS HAS BEEN MY DREAM! ⭐️ Kylian Mbappe’s Real Madrid UNVEILING [FULL] | ESPN FC,thumbnails/TBLs_WNctnk.jpg,0
uzmjjO7wNVo,Here’s Neymar when asked about Kylian Mbappé after Brazil game tonight. 🇧🇷🇫🇷 #PSG,thumbnails/uzmjjO7wNVo.jpg,0
D_VkvPRNHTg,#PSGFANROOM avec Orange - Neymar & K. Mbappé,thumbnails/D_VkvPRNHTg.jpg,0
4SF9cFDR7VQ,Water Bottle Flip Trick Shots 5 | That's Amazing,thumbnails/4SF9cFDR7VQ.jpg,0
d5nkic_dAVg,Pool Trickshots! (watch till the end…),thumbnails/d5nkic_dAVg.jpg,0
yG5oXqnCXrY,Cristiano Ronaldo Fools Everyone Performing Soccer Tricks in Disguise,thumbnails/yG5oXqnCXrY.jpg,0
lnVn_wNAmzc,My first video,thumbnails/lnVn_wNAmzc.jpg,0
8rEdx5revr4,Real Madrid vs man city flipbook,thumbnails/8rEdx5revr4.jpg,0
CS6UWDU0uSs,COREIA DO SUL 1 X 5 BRASIL | MELHORES MOMENTOS | AMISTOSO DA SELEÇÃO BRASILEIRA | ge.globo,thumbnails/CS6UWDU0uSs.jpg,0
mZZ6CJSoRLs,BRUSQUE 0 X 1 SANTOS | MELHORES MOMENTOS | 25ª RODADA BRASILEIRÃO SÉRIE B 2024 | ge.globo,thumbnails/mZZ6CJSoRLs.jpg,0
Jh7wRYL-pUE,Cristiano Ronaldo 3rd Goal for Sporting Lisbon,thumbnails/Jh7wRYL-pUE.jpg,0
d2OONzqh2jk,Kung Fu Panda 4 | Sand & Spice Trailer,thumbnails/d2OONzqh2jk.jpg,0
MRveAuJvtp4,"Incredible 2 (2018) l Devtech, Fighting Guard in the House (9/12) I Movie Clips",thumbnails/MRveAuJvtp4.jpg,0
2jsiLW3NHXk,Ronaldo's free kick flip book/How to make Ronaldo flipbook|,thumbnails/2jsiLW3NHXk.jpg,0
EF9VZfgjvb8,Mohamed Salah's daughter scoring at Anfield,thumbnails/EF9VZfgjvb8.jpg,0
rXi5W8BRLnw,CRISTIANO RONALDO visits former Real Madrid teammates,thumbnails/rXi5W8BRLnw.jpg,0
jUhek3L22Rk,#9 Best goal of the match,thumbnails/jUhek3L22Rk.jpg,0
WiSshUt6_HU,Mohamed Salah's incredible goal against Chelsea|Salah flipbook,thumbnails/WiSshUt6_HU.jpg,0
Jr4Bfxax0kc,Ronaldo's free kick in AlNasr,thumbnails/Jr4Bfxax0kc.jpg,0
7jw2V5dPc_g,How to draw messi flip book,thumbnails/7jw2V5dPc_g.jpg,0
K6ju9Ns9aXI,Garnacho bicycle kick flipbook,thumbnails/K6ju9Ns9aXI.jpg,0
E3DGNvDCpy8,Barcelona 3 x 0 Bayern de Munique - Melhores Momentos - Semifinal Champions League 2014/15,thumbnails/E3DGNvDCpy8.jpg,0
NKEzWnwmddU,Real Madrid vs Bayern Munich (flipbook),thumbnails/NKEzWnwmddU.jpg,0
mQtOrt6qnL4,Karma Boruto Vs Naruto Full Fight l Boruto Episode 196,thumbnails/mQtOrt6qnL4.jpg,0
7AkbUfZjS5k,Virtual Nature 360° - Nature Meditation for VR Quest,thumbnails/7AkbUfZjS5k.jpg,0
NSAOrGb9orM,Nature Video 30 Seconds|WhatsApp Status Video|Nature Background Videos,thumbnails/NSAOrGb9orM.jpg,0
qwUb6sICnog,Nature: Mt. Rushmore in South Dakota,thumbnails/qwUb6sICnog.jpg,0
eVRAgGXtCNo,AGACHAMENTO HACK: Exercício para deixar sua coxa super DEFINIDA,thumbnails/eVRAgGXtCNo.jpg,0
jy5UDtRmbEA,Usain Bolt floats to victory in zero-gravity race,thumbnails/jy5UDtRmbEA.jpg,0
AZVfn47qhOk,[4K] Usain Bolt - Edit [AF1],thumbnails/AZVfn47qhOk.jpg,0
IY5HsCAqxdY,J Balvin: Why I Am Proud To Be Colombian Right Now,thumbnails/IY5HsCAqxdY.jpg,0
suIg9kTGBVI,Beyoncé - Super Bowl 2013 Halftime Show HD 1080p,thumbnails/suIg9kTGBVI.jpg,0
qxJQVxbV5UU,Brad Cox: The Four Cassettes That Started My Country Career,thumbnails/qxJQVxbV5UU.jpg,0
4a6kmXhUFXo,Community comes together in tearful tribute to Blue Jackets star Johnny Gaudreau,thumbnails/4a6kmXhUFXo.jpg,0
0SzXyRimQ0s,EURO 2024 Player Names' Pronunciations ft. KVARATSKHELIA & SZOBOSZLAI,thumbnails/0SzXyRimQ0s.jpg,0
ZXqOVn4-Yaw,France EURO 2024 QUIZ ft. GIROUD & PAVARD,thumbnails/ZXqOVn4-Yaw.jpg,0
To12MHZTyf4,"2024/25 #UCL, #UEL & #UECL league phase draw procedures explained",thumbnails/To12MHZTyf4.jpg,0
Eef69_st5oI,The official UEFA Champions League anthem,thumbnails/Eef69_st5oI.jpg,0
-r111pTdaBU,David Guetta at UEFA EURO 2016 closing ceremony,thumbnails/-r111pTdaBU.jpg,0
jH2d_4XJTkY,Best of 2024 Masters Agility Championships from Westminster Kennel Club | FOX Sports,thumbnails/jH2d_4XJTkY.jpg,0
mAgbSaF_UoM,Snoop Dogg’s BEST MOMENTS At The 2024 Paris Olympics,thumbnails/mAgbSaF_UoM.jpg,0
6gTmyhRM6k0,Charlie Puth Creates an Original Beat on the Spot With a Mug and a Spoon | The Tonight Show,thumbnails/6gTmyhRM6k0.jpg,0
X9sWtUXs2wI,Brasil registra 152 mil focos de incêndio em 2024; mais que o dobro do mesmo período de 2023,thumbnails/X9sWtUXs2wI.jpg,0
f2ZLOx0k3Ks,"Morre, aos 54 anos, apresentador de TV Fábio Arruda | AGORA CNN",thumbnails/f2ZLOx0k3Ks.jpg,0
CKBnkchY8Zk,BEST Donald Trump Impression Has Simon Cowell LOL!,thumbnails/CKBnkchY8Zk.jpg,0
LJTqjryGp8k,Fábio Arruda revelou que estava com 90% da artéria obstruída dias antes de morrer,thumbnails/LJTqjryGp8k.jpg,0
aoeEP--jdLk,Fábio Arruda morre aos 54 anos; consultor de etiqueta e ex-Fazenda foi achado morto em casa,thumbnails/aoeEP--jdLk.jpg,0
jRUed5CY_tQ,Silvio Almeida é demitido após denúncias de assédio; Anielle Franco confirma importunação sexual,thumbnails/jRUed5CY_tQ.jpg,0
ejy_MAKQEsY,"Exclusivo: Balanço Geral fala com Rafaela Costa, peça-chave no caso de traição entre cunhados em SP",thumbnails/ejy_MAKQEsY.jpg,0
G3BTGvNB7nw,Entrevista com o cantor Enzo Rabelo | The Noite (04/09/24),thumbnails/G3BTGvNB7nw.jpg,0
TVieLpY9bWQ,"Wilson Pedroso, coord. da campanha do Pablo Marçal (PRTB)",thumbnails/TVieLpY9bWQ.jpg,0
jYwRZZFwrBc,Pablo Marçal (PRTB) é entrevistado no Band Eleições,thumbnails/jYwRZZFwrBc.jpg,0
aeKb2FMJsuY,"Datena deixa púlpito, ameaça Marçal e dá 'bronca' em candidatos",thumbnails/aeKb2FMJsuY.jpg,0
sJ-hA0MP9h4,"CLEITINHO VOLTA A COBRAR PACHECO POR IMPEACHMENT DE MORAES: ""QUE MEDO É ESSE?""",thumbnails/sJ-hA0MP9h4.jpg,0
oCtaAfFS5rk,Incêndios seguem intensos no Brasil e bombeiros combatem o fogo | Jornal da Band,thumbnails/oCtaAfFS5rk.jpg,0
bgmPEDaTtZg,ARGENTINA 3 X 0 CHILE  | MELHORES MOMENTOS | ELIMINATÓRIAS DA COPA DO MUNDO | ge.globo,thumbnails/bgmPEDaTtZg.jpg,0
teV20eH7Xmo,"Incêndios em São Paulo: pelo menos 34 cidades estão em alerta, e governo cria gabinete de crise",thumbnails/teV20eH7Xmo.jpg,0
A8eWY11BLnA,Poluição e fumaça dos incêndios encobrem várias cidades pelo Brasil | Jornal da Band,thumbnails/A8eWY11BLnA.jpg,0
ycpt3nSK4QE,Santos 4 x 5 Flamengo - melhores momentos (GLOBO HD 720p) Campeonato Brasileiro 2011,thumbnails/ycpt3nSK4QE.jpg,0
2wVExXf-rDk,PALMEIRAS 0 (2) X (4) 0 SÃO PAULO | COBRANÇA DE PÊNALTIS | SUPERCOPA DO BRASIL 2024 | ge.globo,thumbnails/2wVExXf-rDk.jpg,0
paDq3_yfZcM,Kamala Harris diz que ataque a tiros em escola é “tragédia” e “ultrajante” | CNN ARENA,thumbnails/paDq3_yfZcM.jpg,0
U4UwS_BQ14M,SANTOS 4 X 5 FLAMENGO | NEYMAR E RONALDINHO FAZEM JOGO HISTÓRICO | MELHORES MOMENTOS | ge.globo,thumbnails/U4UwS_BQ14M.jpg,0
3lf1016C__Q,"DORIVAL FALA SOBRE LUIZ HENRIQUE, DO BOTAFOGO, NA SELEÇÃO | #botafogo",thumbnails/3lf1016C__Q.jpg,0
hg-yQLJq-QQ,MILHARES DE MANIFESTANTES PARTICIPAM DE PROTESTO PARA PEDIR IMPEACHMENT DE ALEXANDRE DE MORAES,thumbnails/hg-yQLJq-QQ.jpg,0
o_Q_fOD5uRs,Bolsonaro diz que Moraes ‘faz mais mal ao Brasil’ do que Lula ao chamar ministro de 'ditador',thumbnails/o_Q_fOD5uRs.jpg,0
Pu1K776Cn6M,Renata Varandas: Será um 7 de setembro constrangido | CNN Prime Time,thumbnails/Pu1K776Cn6M.jpg,0
n1D4MalbHq0,"""Invadir não vai resolver"", diz Mariana Almeida sobre tensão diplomática entre Brasil e Venezuela",thumbnails/n1D4MalbHq0.jpg,0
yyNPXW2q10o,Seca na Amazônia: comentaristas criticam falta de prevenção contra mudanças climáticas na região,thumbnails/yyNPXW2q10o.jpg,0
KzlQgm7zeAw,BRAZIL,thumbnails/KzlQgm7zeAw.jpg,0
zCraCrWpwAI,0 - 100 years in Brazil,thumbnails/zCraCrWpwAI.jpg,0
vMpaSBYh5pA,"DJ NYK - Bollywood Sunset Mix (Italy) at Vernazza, Cinque Terre | 2023",thumbnails/vMpaSBYh5pA.jpg,0
pkqLocWVkMs,Passenger plane carrying 61 people crashes in Brazil,thumbnails/pkqLocWVkMs.jpg,0
bqao21cZ5nM,Samba Do Brasil - Ey Macalena,thumbnails/bqao21cZ5nM.jpg,0
Z7pFwsX6UVc,Hino Nacional do Brasil - Oficial,thumbnails/Z7pFwsX6UVc.jpg,0
ZFqfpuXKZbc,Brazil  Song Com To Brazil Karaoke,thumbnails/ZFqfpuXKZbc.jpg,0
xG3nIoBzOzs,Mornings In Brazil (Animations by GOBOU),thumbnails/xG3nIoBzOzs.jpg,0
kBVSE0Ll0fc,Brazilian Song - Se Voce Nao Quer Passa A Vez (Mechi Mechi),thumbnails/kBVSE0Ll0fc.jpg,0
0RxeMYwb0EQ,UGOVHB - RIO ( PROD.EF ) Oficial Visualizer,thumbnails/0RxeMYwb0EQ.jpg,0
nVq2-gBz12w,GUSTTAVO LIMA - Balada (Tche tcherere tche tche),thumbnails/nVq2-gBz12w.jpg,0
2HDLx6-HarY,Brazilian's Next Gen ●  Danza Kuduro | Skills and Goals 21/22,thumbnails/2HDLx6-HarY.jpg,0
NXRutTcg1BU,We Found a RARE HUMMINGBIRD in Brazil’s Disappearing Forests,thumbnails/NXRutTcg1BU.jpg,0
MukT7dXGHko,Brazil's largest city is cloaked in smokes from wildfires,thumbnails/MukT7dXGHko.jpg,0
moM--zl7dj8,PERÚ vs. COLOMBIA [1-1] | RESUMEN | ELIMINATORIAS SUDAMERICANAS | FECHA 7,thumbnails/moM--zl7dj8.jpg,0
n-Gre9Py0Jw,Alex Bisogno visitó el foro para hablar de la salud de Daniel Bisogno | Ventaneando,thumbnails/n-Gre9Py0Jw.jpg,0
IENArFXpQD8,Baltimore Ravens vs. Kansas City Chiefs Game Highlights | NFL 2024 Season,thumbnails/IENArFXpQD8.jpg,0
fTrMH2Pdq2M,El Martillo de Thor Carnívoro | La Capital,thumbnails/fTrMH2Pdq2M.jpg,0
x3RY2S33ylA,RESUMEN Y GOLES: Chivas 5-0 FC Juárez  | Jornada 6 Apertura 2024,thumbnails/x3RY2S33ylA.jpg,0
fm9DH2OtClo,Comprando VOTOS y vendiendo postres con LADY PAYS | RADAR con Adrián Marcelo,thumbnails/fm9DH2OtClo.jpg,0
rF31t3oqsj8,"MOSTRANDO TODA MI CASA, NUEVO HOUSE TOUR | LOS POLINESIOS",thumbnails/rF31t3oqsj8.jpg,0
og_URMyEkpg,Green Bay Packers vs. Philadelphia Eagles | Semana 1 - NFL 2024 | Highlights Resumen en español,thumbnails/og_URMyEkpg.jpg,0
yBAihc9a3tg,Baltimore Ravens vs. Kansas City Chiefs | Semana 1 - NFL 2024 | Highlights Resumen en español,thumbnails/yBAihc9a3tg.jpg,0
w-YaTnxwQxU,SONIC 3 LA PELÍCULA Tráiler Oficial Español Latino (2024),thumbnails/w-YaTnxwQxU.jpg,0
RrjGfIMoaWo,"UNA PELÍCULA DE MINECRAFT Tráiler Español Latino Subtitulado (2025) Jason Momoa, Jack Black",thumbnails/RrjGfIMoaWo.jpg,0
IBd7Y4qvJ6U,"Sonic 3 La Película | Tráiler Oficial (SUBTITULADO) | Diciembre 2024, solo en cines",thumbnails/IBd7Y4qvJ6U.jpg,0
ezbYAglQoxI,“Dragon Ball DAIMA”  The main Trailer / October 2024,thumbnails/ezbYAglQoxI.jpg,0
avMZGNytm9Y,Blanca Nieves | Tráiler Oficial | Doblado,thumbnails/avMZGNytm9Y.jpg,0
2qepS30_wdA,"'RM: Right People, Wrong Place' Special Trailer",thumbnails/2qepS30_wdA.jpg,0
xKWEBc-df_M,Pedro Páramo | Avance oficial | Netflix,thumbnails/xKWEBc-df_M.jpg,0
zaPcin5knJk,TERRIFIER 3 Official Trailer (2024) Red band,thumbnails/zaPcin5knJk.jpg,0
myjEoDypUD8,"Watch the uncensored moment Will Smith smacks Chris Rock on stage at the Oscars, drops F-bomb",thumbnails/myjEoDypUD8.jpg,0
Cd9qrDtXq0E,Jim Carrey Was SICKENED by Will Smith Oscar Moment,thumbnails/Cd9qrDtXq0E.jpg,0
90D_hOnFrgU,Incidente de WILL SMITH DOBLADO al ESPAÑOL VOZ Y SUBTÍTULOS Oscars 2022,thumbnails/90D_hOnFrgU.jpg,0
_HML6UYYF-I,The Talk: Will Smith & Chris Rock,thumbnails/_HML6UYYF-I.jpg,0
a3KAmDrS35A,WILL SMITH se disculpa con Chris Rock tras la bofetada de los Oscar | El País,thumbnails/a3KAmDrS35A.jpg,0
4wBFoWumJEI,Snoop Dogg REACTS to Will Smith and Chris Rock Oscars Slap,thumbnails/4wBFoWumJEI.jpg,0
8KeOxeuiZjs,'Moonlight' or 'La La Land'? Best Picture Mix-up at Oscars,thumbnails/8KeOxeuiZjs.jpg,0
lArb4T4Yp3k,Kevin Hart's Worst Gig Ever | Best of Kevin Hart | The Graham Norton Show,thumbnails/lArb4T4Yp3k.jpg,0
4p4Cs2IVSXw,Ricky Gervais Brutal Honesty Calls Out EVERYONE in Hollywood Golden Globes - No One Punched Him Out!,thumbnails/4p4Cs2IVSXw.jpg,0
XVDOo9wjIOU,Player Focus: Harry Kane | Record Breaking Goal & Special Message from Tom Brady | England,thumbnails/XVDOo9wjIOU.jpg,0
eeumL7Fz-8M,"Jimmy Kimmel Interviews Dr. Dre, Snoop Dogg & Curtis “50 Cent” Jackson",thumbnails/eeumL7Fz-8M.jpg,0
OhDgNoqkTrw,"Will Smith Performs ""You Can Make It"" For The First Time On The BET Awards Stage! | BET Awards '24",thumbnails/OhDgNoqkTrw.jpg,0
ISlS4aukpaM,Paola Núñez regresa a TV Azteca como conductora del reality 'Abandonados' | Ventaneando,thumbnails/ISlS4aukpaM.jpg,0
F-kvFACZ5yE,Denzel Washington Reveals the Aftermath of Will Smith’s Slap at the Oscars to T.D. Jakes,thumbnails/F-kvFACZ5yE.jpg,0
NiidUuPZxpA,How Will Smith and the Cast of Bel-Air Relate to Their Characters | Bel-Air Round Table,thumbnails/NiidUuPZxpA.jpg,0
Ylj_Omeqg0I,Oscars 2023: Jimmy Kimmel jokes about Will Smith slap during monologue,thumbnails/Ylj_Omeqg0I.jpg,0
HPwWK8ljorM,Jenna Tells JJ She's Pregnant | Unexpected | TLC,thumbnails/HPwWK8ljorM.jpg,0
fQ3uql6oFtg,Emalee & Nate’s Relationship Journey So Far | Unexpected | TLC,thumbnails/fQ3uql6oFtg.jpg,0
-20QvMQRX1Q,"Sweet Sixteen Barbecue for New Mom, Lexus | Unexpected",thumbnails/-20QvMQRX1Q.jpg,0
L3c8rzSj5og,22-Year-Old Mum’s Gentle Parenting FRUSTRATES Grandmother | Unexpected,thumbnails/L3c8rzSj5og.jpg,0
n36VU8zqCP4,Best Water Fails! AFV Funniest Videos,thumbnails/n36VU8zqCP4.jpg,0
MAVsrLPH3ks,Karma is Best Served Instantly 😅 Funny Fails,thumbnails/MAVsrLPH3ks.jpg,0
C6FNlGPkhLw,Pranks Gone Wrong 😂🚫 Hilarious Prank Fails,thumbnails/C6FNlGPkhLw.jpg,0
XIGWjzqKTp0,Morgan Freeman Roasts Denzel Washington | AFI 2019 | TNT,thumbnails/XIGWjzqKTp0.jpg,0
AstLBWlZxLU,Bukayo Saka In Stitches At England Teammates On Countdown | England Vs Countdown | Three Lions,thumbnails/AstLBWlZxLU.jpg,0
IeH0mz0REi4,Every Ricky Gervais Golden Globes 2009-2020,thumbnails/IeH0mz0REi4.jpg,0
bKqSQ1pG5xs,Ronaldo Passes Speed In Subscribers 💔,thumbnails/bKqSQ1pG5xs.jpg,0
D1XQ0nSqIBs,How did Cristiano Ronaldo and Georgina first meet ? [Ronaldo EP.10],thumbnails/D1XQ0nSqIBs.jpg,0
pdXTJOJp7c0,"Cristiano Ronaldo ► ""SHAPE OF YOU"" - Ed Sheeran • Skills & Goals 2018 | HD",thumbnails/pdXTJOJp7c0.jpg,0
ZmKy_fnRM_E,Lionel Messi - WORLD CHAMPION - Movie,thumbnails/ZmKy_fnRM_E.jpg,0
2p7Ah8uQqmU,Cristiano Ronaldo - King Of Comebacks | Last Minute Goals | English Commentary |,thumbnails/2p7Ah8uQqmU.jpg,0
5hFd6zGkxLE,"THANK YOU, CRISTIANO RONALDO | Real Madrid Official Video",thumbnails/5hFd6zGkxLE.jpg,0
9HvTRg7LCio,Cristiano Ronaldo's Life Advice Will Leave You SPEECHLESS (Must Watch),thumbnails/9HvTRg7LCio.jpg,0
RJ4jlutcSbY,Cristiano Ronaldo breaks ANOTHER record! | Portugal v Ghana highlights | FIFA World Cup Qatar 2022,thumbnails/RJ4jlutcSbY.jpg,0
3ktU5YAxvkE,Messi or Ronaldo: EVERYONE picks their GOAT! | You Have To Answer | ESPN FC,thumbnails/3ktU5YAxvkE.jpg,0
KafZCpAp82Q,"Cristiano Ronaldo ► ""DESPACITO"" - Luis Fonsi • Real Madrid Skills & Goals 2014 | HD",thumbnails/KafZCpAp82Q.jpg,0
tCe4KrQhraw,CR900! Cristiano Ronaldo records 900th career goal!,thumbnails/tCe4KrQhraw.jpg,0
go-vCNylqcs,Ronaldo | deleted scene from the upcoming movie (2015),thumbnails/go-vCNylqcs.jpg,0
vrXrTKhqkdM,Follow Ronaldo With His Home Leg Workout (No Equipment),thumbnails/vrXrTKhqkdM.jpg,0
4AWvQLi5Ewg,"Cristiano Ronaldo sculpture handmade from polymer clay, full sculpturing process【Clay Artisan JAY】",thumbnails/4AWvQLi5Ewg.jpg,0
phNCAbopozQ,Ballon d'Or - Les sacres de 2012 à 2015,thumbnails/phNCAbopozQ.jpg,0
YZ-LagCs6GA,Selena Gomez - Dance Again (Performance Video),thumbnails/YZ-LagCs6GA.jpg,0
ucC903dOCk0,Selena Gomez has now reached billionaire status!,thumbnails/ucC903dOCk0.jpg,0
5P5rKZi5qCU,Selena Gomez SURPRISES Telluride High School Volleyball Team After Seeing Sign From Them,thumbnails/5P5rKZi5qCU.jpg,0
w3hPbyoebZE,WHY Selena Gomez and Benny Blanco Are Sparking Engagement Rumors | E! News,thumbnails/w3hPbyoebZE.jpg,0
nObJ4NuwGD0,Rihanna and A$AP Rocky’s Baby Boy Riot Rose Makes RARE Appearance in Cute New Video | E! News,thumbnails/nObJ4NuwGD0.jpg,0
31L-QkC_lfM,Comisiones unidas en Senado publican acuerdo para discutir reforma judicial,thumbnails/31L-QkC_lfM.jpg,0
0uftdOL3fyQ,Todo listo para debate y análisis en el Senado por reforma al Poder Judicial,thumbnails/0uftdOL3fyQ.jpg,0
h8VFPcQylAE,Senadores llegan a sesión para discutir reforma al Poder Judicial,thumbnails/h8VFPcQylAE.jpg,0
kV8ucYvic_E,Siguen manifestaciones fuera del Senado en apoyo y en contra de reforma judicial,thumbnails/kV8ucYvic_E.jpg,0
D55r-Y_yOwU,Los 43 del Senado: el último muro contra la reforma judicial #EnPortada,thumbnails/D55r-Y_yOwU.jpg,0
xfqBQ2XhBCg,ZICO (지코) ‘SPOT! (feat. JENNIE)’ Official MV,thumbnails/xfqBQ2XhBCg.jpg,0
65Dew37xj9w,Kim Kardashian’s Health Confession: How She Conquered Psoriasis and Embraced Self-Care | SHE MD,thumbnails/65Dew37xj9w.jpg,0
7nIRj0jgg6w,Khloé Kardashian SLAMS “Petty” Kim Kardashian After Heated Fight Over Mom Shaming | E! News,thumbnails/7nIRj0jgg6w.jpg,0
40sJn4fEpMQ,Jasmine and Aladdin - SNL,thumbnails/40sJn4fEpMQ.jpg,0
Egs8T_Xu9EE,Kim Kardashian & Hailey Bieber play Truth or Shot & make ice cream sundaes | WHO’S IN MY BATHROOM?,thumbnails/Egs8T_Xu9EE.jpg,0
7yH_9nvm9fU,7 MEMORABLE Kim Kardashian Moments From Early KUWTK | E!,thumbnails/7yH_9nvm9fU.jpg,0
P0AG6qpOTPs,Kim Kardashian & Lana Del Rey Together on the Met Gala Red Carpet | Met Gala 2024 | Vogue,thumbnails/P0AG6qpOTPs.jpg,0
LQCQym6hVMo,Kim Kardashian West Monologue - SNL,thumbnails/LQCQym6hVMo.jpg,0
EllS87Qo_gc,KUWTK | Kim Kardashian Fears She's Not Safe While in Mexico | E!,thumbnails/EllS87Qo_gc.jpg,0
pWAKbgB7CHg,Kim Kardashian West How I Do My Own Makeup,thumbnails/pWAKbgB7CHg.jpg,0
ye-7JDaEifM,Kim Kardashian: The Power of Influence | 2023 TIME100 Summit,thumbnails/ye-7JDaEifM.jpg,0
WQEIMX3mDyc,"KUWTK | Kris Jenner Upset About ""Hoarding Money"" Accusation in Caitlyn's Book | E!",thumbnails/WQEIMX3mDyc.jpg,0
gpcTOohKzYw,Kris Jenner Meets Caitlyn Jenner For The First Time | Keeping Up With The Kardashians,thumbnails/gpcTOohKzYw.jpg,0
0W8T9QKQAMA,"Kris Jenner on Branding, Business, and the Kardashian Touch",thumbnails/0W8T9QKQAMA.jpg,0
UOhskKdvhrI,Inside Kris Jenner's Hidden Hills Home  | Open Door | Architectural Digest,thumbnails/UOhskKdvhrI.jpg,0
nvZ_O9LoCXQ,Jeff Bezos & Fiance Lauren Sanchez Have Dinner With Kris Jenner & Corey Gamble,thumbnails/nvZ_O9LoCXQ.jpg,0
HC4A7zCoX6U,Kim Kardashian Enters into the World of Private Equity with SKKY Partners | Global Alts 2023,thumbnails/HC4A7zCoX6U.jpg,0
oULoamyhycA,A Master Class In Venture Capital with Drive Capital's Chris Olsen,thumbnails/oULoamyhycA.jpg,0
gglVDoyAmns,"How Kris Jenner Made The Kardashians Famous, Rich And Insanely Influential | Forbes",thumbnails/gglVDoyAmns.jpg,0
FEou1UOo8ek,Kylie Jenner leaves her sisters angry as she leaves the family's private jet and bails on a tri,thumbnails/FEou1UOo8ek.jpg,0
_cXLeQYLuCw,Kris Jenner's SKKN BY KIM Ritual,thumbnails/_cXLeQYLuCw.jpg,0
9D2kQ054PVE,Justin Bieber - Never Say Never ft. Jaden 🤩 (Live from the Freedom Experience),thumbnails/9D2kQ054PVE.jpg,0
t-ZWkb0vyMU,Justin Bieber & Hailey Bieber - Let me love you!!!!,thumbnails/t-ZWkb0vyMU.jpg,0
udXlrv9J1HE,"Full Justin Bieber interview with Mo' Bounce on Z100 radio station in New York - September 9, 2015",thumbnails/udXlrv9J1HE.jpg,0
u8o7YBY_iaw,Justin Bieber - First time on Television - 100 Huntley Street,thumbnails/u8o7YBY_iaw.jpg,0
Ooe-QU-77BI,Addison Rae & Hailey Rhode Bieber make sandwiches & play Shoot or Truth | WHO’S IN MY BATHROOM?,thumbnails/Ooe-QU-77BI.jpg,0
G-4tJ63X5vo,The Wedding: Officially Mr. & Mrs. Bieber - Justin Bieber: Seasons,thumbnails/G-4tJ63X5vo.jpg,0
V-bP1mziAKk,Spill Your Guts or Fill Your Guts w/ Hailey Bieber,thumbnails/V-bP1mziAKk.jpg,0
Z19RVYmDNrE,Pasta Alla Tequila,thumbnails/Z19RVYmDNrE.jpg,0
9GeaHL26b40,"Justin Bieber & Hailey Baldwin Bieber at Hillsong Church in New York - May 5, 2019",thumbnails/9GeaHL26b40.jpg,0
ncfUdhm9JDk,Full Justin Bieber & Hailey Baldwin Bieber Instagram Live Stream being happy smiling - March 31 2019,thumbnails/ncfUdhm9JDk.jpg,0
333xQzTQKEU,"Justin Bieber with a fan in Bellevue, Washington - May 27, 2018",thumbnails/333xQzTQKEU.jpg,0
5WN6gCzNmZo,"Justin Bieber & Hailey Bieber at Boston Bruins vs Toronto Maple Leafs hockey game - April 23, 2019",thumbnails/5WN6gCzNmZo.jpg,0
Lm-vLXkk0Sk,"Justin Bieber playing soccer / football in Playa Vista California - May 12, 2018",thumbnails/Lm-vLXkk0Sk.jpg,0
QuKVBeD6qqQ,"Justin Bieber playing with jumping puppy Oscar Bieber & Hailey Bieber on IG - April 29, 2019",thumbnails/QuKVBeD6qqQ.jpg,0
YT33knOgg8U,"Justin Bieber working out in Stratford, Ontario, Canada - May 4, 2018",thumbnails/YT33knOgg8U.jpg,0
16KaoVmVTPE,O.J. Simpson Infamously Trying On Gloves At Trial,thumbnails/16KaoVmVTPE.jpg,0
VZqok0qjlBk,O.J. Simpson puts on gloves in court,thumbnails/VZqok0qjlBk.jpg,0
NS0mpa7K1ZM,Kris Jenner on O.J. Simpson,thumbnails/NS0mpa7K1ZM.jpg,0
TYHhRhr3CQE,O.J. Simpson's Last Will and Testament Revealed,thumbnails/TYHhRhr3CQE.jpg,0
Bowd3CLHFy8,¿ESTÁ SOBREVALORADO TRAVIS BARKER? - El Estepario Siberiano se moja,thumbnails/Bowd3CLHFy8.jpg,0
Y_yY_m-Lpck,Travis Barker Destroys Marshmello at Coachella in Epic Drum battle,thumbnails/Y_yY_m-Lpck.jpg,0
a68_5wd-r5o,Travis Barker - Drum Compilation (2019-2020),thumbnails/a68_5wd-r5o.jpg,0
EBwsw32VY0I,Shanna Moakler on Current Relationship with Travis Barker | Jeff Lewis Live,thumbnails/EBwsw32VY0I.jpg,0
-dC6mVzQk-M,Travis Barker | INDUSTRY BABY - Lil Nas X Cover,thumbnails/-dC6mVzQk-M.jpg,0
KI0TmvZPaoY,Travis Barker x BYOS - Sugar Drum Fairies,thumbnails/KI0TmvZPaoY.jpg,0
WqMkSLe2BQM,¡No sueltes la cobija! Frente frío y onda tropical traerán lluvias y bajas temperaturas en el país,thumbnails/WqMkSLe2BQM.jpg,0
VZNTxRHHN3U,Se vigila onda tropical 21 frente a Tamaulipas y Veracruz - Sábados de FORO,thumbnails/VZNTxRHHN3U.jpg,0
OuRPA7KmJOs,"En CdMx, trabajadores del PJ marchan con rumbo a la Cámara de Senadores",thumbnails/OuRPA7KmJOs.jpg,0
GgWkY2LThIo,¿Cuál es el miedo? López Obrador a quienes están en contra de la reforma al PJ,thumbnails/GgWkY2LThIo.jpg,0
fAfy1SHLjI0,"Madre de Sebastián, menor que perdió la vida, pide no señalar a menor responsabilizado del deceso",thumbnails/fAfy1SHLjI0.jpg,0
QSWeVyIjoXo,"""El pueblo es el que ayuda a purificar la vida pública"", sostiene AMLO  sobre reforma judicial",thumbnails/QSWeVyIjoXo.jpg,0
V7jSEMnKTJU,Marchan del Ángel al Senado contra reforma judicial de AMLO,thumbnails/V7jSEMnKTJU.jpg,0
jXCYRfv3_lM,100 mil manifestantes protestan en Francia contra el nuevo primer ministro,thumbnails/jXCYRfv3_lM.jpg,0
IvMJDmdCxfk,Miles protestan en Francia contra Emmanuel Macron por nombramiento de Primer Ministro - Las Noticias,thumbnails/IvMJDmdCxfk.jpg,0
nrvzrEwJ9fI,Michel Barnier es nombrado primer ministro de Francia,thumbnails/nrvzrEwJ9fI.jpg,0
9vIHC6CXmmQ,"El supertifón Yagi golpea con fuerza la isla de Hainan, China",thumbnails/9vIHC6CXmmQ.jpg,0
RLBY1XW_j2o,¡MÉXICO GOLEA A NUEVA ZELANDA! 🇲🇽 El Tri comienza con el pie derecho la Era Vasco | Línea de 4,thumbnails/RLBY1XW_j2o.jpg,0
9PQpYvKdupo,AMLO exhibe a una asociación civil de científicos de México que recibía 600 mdp,thumbnails/9PQpYvKdupo.jpg,0
Stb3hfQDfzg,Exhibe López Obrador el tuit de un científico donde son ofendidos él y su esposa Beatriz Müller,thumbnails/Stb3hfQDfzg.jpg,0
ixUmZiUP3Ko,Maduro se burla de Fox tras afirmar que el gobierno venezolano le impidió su entrada al país,thumbnails/ixUmZiUP3Ko.jpg,0
7Cxwmnyv9Sc,Reclama AMLO que ministros ganen 500 mil pesos mensuales; menciona que se trabaja para frenarlos,thumbnails/7Cxwmnyv9Sc.jpg,0
H3PwDOUoqlM,The EV Sales Figure LIES Leading to a Car SHORTAGE,thumbnails/H3PwDOUoqlM.jpg,0
H0-WkpmTPrM,The language of lying — Noah Zandan,thumbnails/H0-WkpmTPrM.jpg,0
cxkUhSMSWXs,Is it EVER okay to lie to your kids?,thumbnails/cxkUhSMSWXs.jpg,0
fzfVtDPRzt0,Ask a Psychopath - What are some things you've done?,thumbnails/fzfVtDPRzt0.jpg,0
t-v_TQO6FVg,These INSANE mechanics from Peyz left casters STUNNED | TOP 5 LEAGUE OF LEGENDS PLAYS,thumbnails/t-v_TQO6FVg.jpg,0
ngddfxog-yw,World’s Longest Ever Ski Jump (New Record),thumbnails/ngddfxog-yw.jpg,0
vel7axGDmsE,Great Dane is the World's Tallest Dog - Guinness World Records,thumbnails/vel7axGDmsE.jpg,0
tkrHMiq4WYQ,Qatar World Cup Star Sculpture， the full figure sculpturing process【Clay producer Leo】,thumbnails/tkrHMiq4WYQ.jpg,0
3SsK-cxlj_w,25 Greatest Natural Wonders of the World - Travel Video,thumbnails/3SsK-cxlj_w.jpg,0
jBwMeX0tU0U,Lionel Messi: Believe - Argentina,thumbnails/jBwMeX0tU0U.jpg,0
1ykn3lx-I0w,BRUNO DOUBLE the difference| Portugal v Uruguay | FIFA World Cup Qatar 2022,thumbnails/1ykn3lx-I0w.jpg,0
zhEWqfP6V_w,THE GREATEST FINAL EVER?! | Argentina v France | FIFA World Cup Qatar 2022 Highlights,thumbnails/zhEWqfP6V_w.jpg,0
4d-EYIZAqXc,The Impossible (1/10) Movie CLIP - The Tsunami (2012) HD,thumbnails/4d-EYIZAqXc.jpg,0
OxT4aZsXkuY,"Fifth Harmony ""Impossible"" - Judges' Houses - The X Factor USA 2012",thumbnails/OxT4aZsXkuY.jpg,0
XeOzii8NwiY,Resumen y goles | México 3-0 Nueva Zelanda | Amistoso Internacional | TUDN,thumbnails/XeOzii8NwiY.jpg,0
P9P4Dkd0P10,RESUMEN | AMÉRICA 2-2 ATLÉTICO NACIONAL | AMISTOSO | CALIENTE TV,thumbnails/P9P4Dkd0P10.jpg,0
7i4qb48viM4,FC Barcelona vs Real Madrid (2-2) 2017/2018 PARTIDO COMPLETO,thumbnails/7i4qb48viM4.jpg,0
EwTsjVoKxNA,RESUMEN: SULTANES 0-17 DIABLOS ROJOS | SERIE DEL REY | JUEGO 2 | CALIENTE TV,thumbnails/EwTsjVoKxNA.jpg,0
DkuFT4JfWjM,Gana León de Oro Pedro Almodóvar,thumbnails/DkuFT4JfWjM.jpg,0
oyZ2HQ1zI8E,"De Franco Escamilla, Almodóvar triunfa en Venecia y el enojo de Daniel Craig | Extra40",thumbnails/oyZ2HQ1zI8E.jpg,0
3eSnuD6yOnA,"Miss Universo México 2024: Ella es María Fernanda Beltrán, la ganadora sinaloense",thumbnails/3eSnuD6yOnA.jpg,0
9ncvEazcJ8U,"Muere a los 26 años James Hollcroft, actor de ""Como dice el dicho""",thumbnails/9ncvEazcJ8U.jpg,0
fKECBVo-63U,"Muere James Hollcroft, actor de 'Como dice el dicho', a los 26 años tras ser reportado desaparecido",thumbnails/fKECBVo-63U.jpg,0
M8ZpecCPo54,París con H: Edgar Fuentes obtiene medalla de plata en lanzamiento de jabalina | Heraldo Noticias,thumbnails/M8ZpecCPo54.jpg,0
21TLO0mJpYg,"Ángel Camacho, un gigante en la piscina se cuelga su tercera medalla en los Juegos Paralímpicos 2024",thumbnails/21TLO0mJpYg.jpg,0
lnln2txTbRY,La Selección Mexicana gana el primer partido dirigido por Javier Aguirre | Estadio Deportes,thumbnails/lnln2txTbRY.jpg,0
pHmezoHODew,Edgar Ulises Fuentes tras ganar plata en Paralímpicos: “El nivel fue muy exigente en París 2024”,thumbnails/pHmezoHODew.jpg,0
986TqLsdRZE,Los atletas paralímpicos de México consiguieron 3 medallas en París 2024 en un día,thumbnails/986TqLsdRZE.jpg,0
U55QFiK8EQs,Ángel Camacho y Osiris Machado se cuelgan el bronce en los Juegos Paralímpicos de París 2024,thumbnails/U55QFiK8EQs.jpg,0
u6CRO3cE_5w,"AU REVOIR Paris 2024, MÉXICO se despide a lo GRANDE gracias a sus SUPER ATLETAS",thumbnails/u6CRO3cE_5w.jpg,0
tZB8EzZrxtY,Diablos Rojos vence a Sultanes en Serie del Rey; Roberto Kelly se disculpa,thumbnails/tZB8EzZrxtY.jpg,0
iRcyp7tWK3w,Responsable de tiroteo en Georgia habría estado obsesionado con la matanza de Parkland,thumbnails/iRcyp7tWK3w.jpg,0
MPz-U-GOhxg,Edmundo González llega a España tras solicitar asilo político,thumbnails/MPz-U-GOhxg.jpg,0
HUztGjNf-uk,Suspensión de la red social X en Brasil,thumbnails/HUztGjNf-uk.jpg,0
YASzEtlOeso,"""X no disponible"": Brasil, prohibiciones y un Elon Musk furioso",thumbnails/YASzEtlOeso.jpg,0
1GYbAEGUgm0,Nuevos bombardeos rusos en Ucrania tras la masacre de Poltava,thumbnails/1GYbAEGUgm0.jpg,0
ylAAKafcqSE,Misiles rusos dejan a 51 personas muertas y más de 200 heridos | Noticias con Francisco Zea,thumbnails/ylAAKafcqSE.jpg,0
2vIdnvYHRdc,Opositor venezolano Edmundo González llega a España tras pedir asilo político,thumbnails/2vIdnvYHRdc.jpg,0
VyMblPZPh4g,¿Qué esperar del primer debate presidencial entre Kamala Harris y Donald Trump?,thumbnails/VyMblPZPh4g.jpg,0
qQI3ENx1SKc,El papa Francisco inicia gira de 12 días por Asia y Oceanía,thumbnails/qQI3ENx1SKc.jpg,0
QCFluH5CZbo,Zelenski reclama más armas a sus aliados para frenar a Rusia en Ucrania,thumbnails/QCFluH5CZbo.jpg,0
L4Xx7IZ4j_Q,Marko Cortés exige detener presión contra senadores para votar a favor de la reforma judicial,thumbnails/L4Xx7IZ4j_Q.jpg,0
1B1XwdZ7Kzo,Juez retrasa sentencia de Trump hasta pasadas las elecciones,thumbnails/1B1XwdZ7Kzo.jpg,0
yX03RI83ZRM,"Senadora del PAN llama a ""linchar"" a legisladores que apoyen la reforma judicial",thumbnails/yX03RI83ZRM.jpg,0
dZa-uMlse1k,Surviving On Shark Island Until I Catch My Own Food,thumbnails/dZa-uMlse1k.jpg,0
J0XY_6jWOxo,How to EASILY Survive Fire Damage - Fortnite Doctor Doom Quest,thumbnails/J0XY_6jWOxo.jpg,0
LOLshP-RL88,End of UK summer sees more public appearances from the Royal Family,thumbnails/LOLshP-RL88.jpg,0
9P2flimeb6I,American households struggle with sky-high energy bills during extreme summer heat,thumbnails/9P2flimeb6I.jpg,0
JDiD8Z3lWQk,Colin Farrell Opens Up About His Son With Angelman Syndrome | PEOPLE,thumbnails/JDiD8Z3lWQk.jpg,0
_0VANz7Ah5c,Waterslides at Aquapark Neptun in Bulgaria,thumbnails/_0VANz7Ah5c.jpg,0
GOUPMkaObOc,"Build The Most Secret Deep Hole Underground Swimming Pool, Men Survival Living Off The Grid",thumbnails/GOUPMkaObOc.jpg,0
gTXdCBjI5nM,Ollie is Trapped! | Save Baby Shark Ollie | Pinkfong Escape Room | Pinkfong Playfong for Children,thumbnails/gTXdCBjI5nM.jpg,0
B-RR9wsa12Q,Arne Alligator - musikvideo - barnsång,thumbnails/B-RR9wsa12Q.jpg,0
KBl3b8p3PUM,ENHYPEN Plays Dare or Dare,thumbnails/KBl3b8p3PUM.jpg,0
Uoi8pNjapUM,Xtreme - Lloro Y Lloro,thumbnails/Uoi8pNjapUM.jpg,0
CAwokHvMFlY,How Jeff Bezos made Amazon a $1.6 Trillion company? | Business Model of Amazon | Dhruv Rathee,thumbnails/CAwokHvMFlY.jpg,0
wTxW7sa2rtg,Greek Mythology for Kids | What is mythology? Learn all about Greek mythology,thumbnails/wTxW7sa2rtg.jpg,0
b4zXrA9y9Yo,Missing child found after nearly 3 years l WNT,thumbnails/b4zXrA9y9Yo.jpg,0
mcYPiQGyZbM,Is the cure for loneliness hiding in your closet? | Mollie Kaye | TEDxSurrey,thumbnails/mcYPiQGyZbM.jpg,0
879ysA4h9r4,laura les - Haunted {OFFICIAL MUSIC VIDEO},thumbnails/879ysA4h9r4.jpg,0
ykJ7pyr87Qc,Moment mexican 'cowboy' stopped armed robbery - BBC News,thumbnails/ykJ7pyr87Qc.jpg,0
jm1PuVQAYsU,Trampoline Workout For Kids & Families - Beginner Trampoline Workout,thumbnails/jm1PuVQAYsU.jpg,0
dQU-CrVTPAY,Will they Kill? Tested!,thumbnails/dQU-CrVTPAY.jpg,0
UxHX821KSFY,"Amazing SECRETS In Bluey, You NEVER Knew",thumbnails/UxHX821KSFY.jpg,0
uN3GoTFh_JI,Giants Run a QB Sneak on 3rd & 9,thumbnails/uN3GoTFh_JI.jpg,0
RmTcHmuHQFA,10 AMAZON HOUSEHOLD PRODUCTS YOU DIDN’T KNOW YOU NEEDED!,thumbnails/RmTcHmuHQFA.jpg,0
QxdfjLAp8AY,SNEAKING OUT AT 2:00 AM ON A SCHOOL NIGHT !!,thumbnails/QxdfjLAp8AY.jpg,0
4Ki60SCMitM,"Extreme ""Get the Funk Out (Live)"" from Pornograffitti Live 25",thumbnails/4Ki60SCMitM.jpg,0
SkaewM4YVzQ,Brewstew - Truth Or Dare,thumbnails/SkaewM4YVzQ.jpg,0
uAekYuDHkms,Zombies vs The Most Secure House - Minecraft,thumbnails/uAekYuDHkms.jpg,0
gdShT3dT0yU,"How The Military’s Largest Cafeteria Feeds 4,500 Soldiers In 90 Minutes | Boot Camp",thumbnails/gdShT3dT0yU.jpg,0
nSM-97t7fCc,The Untold Truth Of Hollywood Medium's Tyler Henry,thumbnails/nSM-97t7fCc.jpg,0
4Lxrwv9DTK0,Celebrity Medium Tyler Henry Uncovers His Family’s Dark History,thumbnails/4Lxrwv9DTK0.jpg,0
mjL5wrGhqoU,"Finally, Jada Is At The Red Table Admitting To An 'Entanglement' With August Alsina!",thumbnails/mjL5wrGhqoU.jpg,0
4O8qJNQurQ0,EXCLUSIVE: Jada Pinkett Smith reveals she and Will Smith have been separated since 2016,thumbnails/4O8qJNQurQ0.jpg,0
StoEJUgtQA0,"George Clooney, Brad Pitt premiere 'Wolfs' at Venice Film Festival",thumbnails/StoEJUgtQA0.jpg,0
9HmwVYr1LWc,Will Smith - The Car Test w/ Young Miko & Russ (Work of Art Live Reaction),thumbnails/9HmwVYr1LWc.jpg,0
9qm7C7RO0Tg,Weekend Update: Jada Pinkett Smith on Her Marriage to Will Smith - SNL,thumbnails/9qm7C7RO0Tg.jpg,0
y_vDkB_Q_yI,Chris Rock SKEWERS Will Smith & Jada Pinkett Smith’s Affair Drama,thumbnails/y_vDkB_Q_yI.jpg,0
czbIJYxQH6E,Will and Jada Pinkett Smith Make FIRST Red Carpet Appearance Since Separation Announcement | E! News,thumbnails/czbIJYxQH6E.jpg,0
CV_jthQ4VNc,Traci Braxton vs Birdman. Hilarious lol!,thumbnails/CV_jthQ4VNc.jpg,0
50QOWi7nqQw,Daughter - The Wild Youth 2011(EP),thumbnails/50QOWi7nqQw.jpg,0
fCnln8SHr9Q,OVERNIGHT OATS - 4 receitas fáceis e saudáveis para o seu café da manhã,thumbnails/fCnln8SHr9Q.jpg,0
eXDU9um19HM,The Weeknd - Secrets (Official Video),thumbnails/eXDU9um19HM.jpg,0
2iPFtZENEq4,The No.1 Habit Billionaires Run Daily,thumbnails/2iPFtZENEq4.jpg,0
UgPbbpEQ1B0,FOX 5 DC reporter hilariously interrupted by screaming boy | FOX 5 DC,thumbnails/UgPbbpEQ1B0.jpg,0
n5h0qHwNrHk,Radiohead - Fake Plastic Trees,thumbnails/n5h0qHwNrHk.jpg,0
-xFZmyCCVn0,"Must Watch New Song Dance Video|| Jannat zubair, Anushka sen Tiktok Best Dancers Video||",thumbnails/-xFZmyCCVn0.jpg,0
j-BKmFVCM3s,Why Walgreens And CVS Are Shutting Down Thousands Of Stores,thumbnails/j-BKmFVCM3s.jpg,0
SUg7h2DbZyI,These sleep pods are perfect for layovers,thumbnails/SUg7h2DbZyI.jpg,0
eN2jqTilLOM,President Donald Trump gets unexpected laugh at United Nations - BBC News,thumbnails/eN2jqTilLOM.jpg,0
KDPW_g2AhAU,Rudimental - Free (ft. Emeli Sandé) [Official Video],thumbnails/KDPW_g2AhAU.jpg,0
5rrM3zl4J_g,Eaten Alive Sneak Peek | Sun Dec 7 9/8c on Discovery,thumbnails/5rrM3zl4J_g.jpg,0
_70eLMcnSlc,The GOAT - Sneak Peek | Thalapathy Vijay | Venkat Prabhu | Yuvan Shankar Raja | Prashanth,thumbnails/_70eLMcnSlc.jpg,0
pavyvF5PrpA,Battle of Fort Grant (1860s) - United States vs Mescalero Apache,thumbnails/pavyvF5PrpA.jpg,0
ADvf-PIZPLA,How Una Pizza Napoletana Became the No. 1 Ranked Pizza in the World — Handmade,thumbnails/ADvf-PIZPLA.jpg,0
502ILHjX9EE,Agile Product Ownership in a Nutshell,thumbnails/502ILHjX9EE.jpg,0
j2cTjpdwYrQ,Nastya and beauty salon. Collection of useful stories for children,thumbnails/j2cTjpdwYrQ.jpg,0
23B4YmBVfcQ,Building a Survival Cabin with Chimney-Fireplace & Wooden Roof in the Wilderness,thumbnails/23B4YmBVfcQ.jpg,0
49eBJAKyrls,Should You Run Anti-Virus On Linux?,thumbnails/49eBJAKyrls.jpg,0
3pRD5AzIGX4,How to make drawer from Cardboard | DIY crafts,thumbnails/3pRD5AzIGX4.jpg,0
gm5F1-kfaJ8,Laura Branigan - Self Control - All Night Fuji (1984),thumbnails/gm5F1-kfaJ8.jpg,0
SzFzMhKQ24E,Free Guy (2021) Final Battle with healthbars,thumbnails/SzFzMhKQ24E.jpg,0
cAgy_v-WoYk,Secret (Lyrics Video) - Heart,thumbnails/cAgy_v-WoYk.jpg,0
TP56DuUpKBE,시크릿 (SECRET) - POISON M/V,thumbnails/TP56DuUpKBE.jpg,0
IGF_k7xtgMA,Dream VS TommyInnit,thumbnails/IGF_k7xtgMA.jpg,0
X03eztjrMNA,Climbing Mount Everest - Summit Day,thumbnails/X03eztjrMNA.jpg,0
YPaLGP_xr-w,"Statue of Liberty National Monument, New York City, USA",thumbnails/YPaLGP_xr-w.jpg,0
PqU-hnowpZA,This Girl Was Getting Bullied. How These People Reacted Will Amaze You.,thumbnails/PqU-hnowpZA.jpg,0
4wyCCcqu-sA,"Twinkle's Magic Sleepy Song | 💤 Bedtime, Wind Down, and Sleep with Moonbug Kids",thumbnails/4wyCCcqu-sA.jpg,0
7SQIIUSywcg,Gold Star mom says she's 'INFURIATED' with Kamala Harris' Trump attack,thumbnails/7SQIIUSywcg.jpg,0
L8ff6ft3GOg,"RAZZA di GATTO RAGDOLL 🐱 (Caratteristiche, Cura e Origine)",thumbnails/L8ff6ft3GOg.jpg,0
UbgYz5w9ZHU,"new kogler elevator@tube station Oberlaa, Vienna, Austria",thumbnails/UbgYz5w9ZHU.jpg,0
G2FeiwNkelM,Kansas State Wildcats vs. Tulane Green Wave | Full Game Highlights | ESPN College Football,thumbnails/G2FeiwNkelM.jpg,0
F2RnxZnubCM,Titanic • My Heart Will Go On • Celine Dion,thumbnails/F2RnxZnubCM.jpg,0
Omkn7StZm1s,Process of Making a Traditional English Longbow From Scratch - Start To Finish,thumbnails/Omkn7StZm1s.jpg,0
jljkK9HMa44,Couple Living in a Tent on a Self-Built Raft - Floating Off the Grid,thumbnails/jljkK9HMa44.jpg,0
hiAsmUjSmdI,Nuclear waste is reusable. Why aren’t we doing it?,thumbnails/hiAsmUjSmdI.jpg,0
InoZ7xJJ1Bs,I Was Shipwrecked After Killer Whale Attack & Ate Turtles To Survive | Minutes With @ladbiblestories,thumbnails/InoZ7xJJ1Bs.jpg,0
T8_vOpZOOtI,How to Make Mini ATM Machine Cardboard,thumbnails/T8_vOpZOOtI.jpg,0
cm3EBJ_zWYo,The Ultimate Rack Attachment - Bulletproof Fitness Isolator Review,thumbnails/cm3EBJ_zWYo.jpg,0
dfwNQFHq_XQ,Incredible Boat Moments Caught On Camera!,thumbnails/dfwNQFHq_XQ.jpg,0
7y4l_VKLVzw,"ABC World News Tonight Full Broadcast - Sept. 1, 2024",thumbnails/7y4l_VKLVzw.jpg,0
7yXQKnit8Eg,Carry a Cheap Gun?,thumbnails/7yXQKnit8Eg.jpg,0
aQZDyyIyQMA,Chet Faker - Talk Is Cheap [Live at the Enmore Theatre],thumbnails/aQZDyyIyQMA.jpg,0
QCQ_d0NOF4g,Why Gold Is So Expensive | So Expensive | Business Insider,thumbnails/QCQ_d0NOF4g.jpg,0
QZ1rhSnk-B0,FIGHT HIGHLIGHTS | JAKE PAUL VS MIKE PERRY,thumbnails/QZ1rhSnk-B0.jpg,0
BORVxbsdkCM,Why Hagoromo Chalk Is So Expensive | So Expensive | Business Insider,thumbnails/BORVxbsdkCM.jpg,0
-d8sNML3WT8,Why Lego Is So Expensive | So Expensive | Business Insider,thumbnails/-d8sNML3WT8.jpg,0
aolS5frsyHA,Vlad and Nikita play a restaurant and delivering toy dishes,thumbnails/aolS5frsyHA.jpg,0
isNdWV-ZrKw,Weirdest song ever,thumbnails/isNdWV-ZrKw.jpg,0
Kq2a7MWbmJU,DRIVE - Do you wanna see something?,thumbnails/Kq2a7MWbmJU.jpg,0
5Fbwd_Pdykk,Basic Mens Haircut | Step by Step Guide,thumbnails/5Fbwd_Pdykk.jpg,0
IRRByVy8iVU,The Most Expensive House In The World,thumbnails/IRRByVy8iVU.jpg,0
U8Cd_McCdow,Touring the MOST EXPENSIVE HOUSE in the United States!,thumbnails/U8Cd_McCdow.jpg,0
hurdpPzEKjI,10 Indian Businesses Making The Most Expensive Products In The World | So Expensive Marathon,thumbnails/hurdpPzEKjI.jpg,0
eGo4IYlbE5g,The Perfect Pull Up  - Do it right!,thumbnails/eGo4IYlbE5g.jpg,0
RxOBGlYZDeE,Why Nothing Is “Overpriced”,thumbnails/RxOBGlYZDeE.jpg,0
422UcuE5saA,Making better BURGERS indoors!,thumbnails/422UcuE5saA.jpg,0
0HWcxaQcqWA,Pizzaiolo Napoletano prepara l'impasto per la Pizza napoletana nella sua pizzeria a Roma 🇮🇹,thumbnails/0HWcxaQcqWA.jpg,0
nlWfJlM3qGs,Sadhguru descrive gli alieni che ha incontrato | Sadhguru Italiano,thumbnails/nlWfJlM3qGs.jpg,0
njJ8FQXZmcE,Homemade Chicken Nuggets Recipe by Tiffin Box | How To Make Crispy Nuggets for kids lunch box,thumbnails/njJ8FQXZmcE.jpg,0
pj705DvCSxg,"Irish Schoolboy With Thick Accent Warns of ""Frostbit""",thumbnails/pj705DvCSxg.jpg,0
tlO2ph_PesE,Gordon Ramsay is a Legend,thumbnails/tlO2ph_PesE.jpg,0
MrDU2m-gKQc,Chef Impresses Gordon Ramsay,thumbnails/MrDU2m-gKQc.jpg,0
AmC9SmCBUj4,Gordon Ramsay's ULTIMATE COOKERY COURSE: How to Cook the Perfect Steak,thumbnails/AmC9SmCBUj4.jpg,0
obOq23w8eAo,Did this MAGICIAN Shawn Farquhar FOOL Penn and Teller with CARDS?,thumbnails/obOq23w8eAo.jpg,0
SaVizuYytlM,JADON SANCHO's First TRAINING Week & Photo Shoot 📸 | Chelsea Training | CFC 24/25,thumbnails/SaVizuYytlM.jpg,0
YL9olI6jyNY,"This is ‘not a good sign’ for the US economy, expert warns",thumbnails/YL9olI6jyNY.jpg,0
5Ux_ipIsNyo,Running with the Devil: The Wild World of John McAfee | Official Trailer | Netflix,thumbnails/5Ux_ipIsNyo.jpg,0
N8rU2UF3ma0,Michael Bolton  Cher   I Found Someone,thumbnails/N8rU2UF3ma0.jpg,0
9gGIz4jOUPk,Followed: Tanner Burzinski,thumbnails/9gGIz4jOUPk.jpg,0
7UytG_91f44,The Massive Survival Shooter You've Never Played - S.T.A.L.K.E.R. : GAMMA (it's free btw),thumbnails/7UytG_91f44.jpg,0
RfOGGAqPNoE,SILK PRESS on 4c hair | Get it to LAST 3 weeks! Silk Press Natural Hair,thumbnails/RfOGGAqPNoE.jpg,0
ogOK_GXiGtE,Festiwal wolnych psów / psie gody - videorelacja / Free dogs festival / dog mating – videorelation,thumbnails/ogOK_GXiGtE.jpg,0
c2OTHeCKsBE,Dogs' Epic Shopping Cart Voyage: Funny Dogs Maymo & Penny,thumbnails/c2OTHeCKsBE.jpg,0
qG4IaHgqH00,Buying a Volkswagen from an old lady...,thumbnails/qG4IaHgqH00.jpg,0
SrdthGuaXNk,S.T.A.L.K.E.R. - He was a good stalker + TABS,thumbnails/SrdthGuaXNk.jpg,0
s9Qu_JXjbxo,Isabel LaRosa - HAUNTED ((Official Video) Part 1),thumbnails/s9Qu_JXjbxo.jpg,0
rbhWDMXrcEU,Nessa Barrett -  dying on the inside (official music video),thumbnails/rbhWDMXrcEU.jpg,0
hxOApe1P9dM,Humpty Dumpty Grocery Store | CoComelon Nursery Rhymes & Kids Songs,thumbnails/hxOApe1P9dM.jpg,0
yddImJgbGMo,"LES SISTERS - Episode entier ""Adopte une Sister.com"" - CANAL+Kids",thumbnails/yddImJgbGMo.jpg,0
R-yLLp-OeJ8,Chrissy’s Death Scene || Stranger Things,thumbnails/R-yLLp-OeJ8.jpg,0
Mlcqzw-VwY8,IL GHOST - ALBANIA COMMANDO (Official Video),thumbnails/Mlcqzw-VwY8.jpg,0
lz24W6CQ0HI,Ghost - The Future Is A Foreign Land (Official Music Video),thumbnails/lz24W6CQ0HI.jpg,0
vPasmXV-i_g,HYUNLIX exposing themselves over and over again,thumbnails/vPasmXV-i_g.jpg,0
12R4FzIhdoQ,The End (Remastered 2009),thumbnails/12R4FzIhdoQ.jpg,0
CiAgbV0uHt8,We Lost The Sea - Towers (Live),thumbnails/CiAgbV0uHt8.jpg,0
_lt_b22I_ro,Isaiah Rivera Full Vertical Jump Workout,thumbnails/_lt_b22I_ro.jpg,0
f14TUczMrX4,Barkley’s jump-cut sends RB on 11-yard path to end zone for TD No. 2,thumbnails/f14TUczMrX4.jpg,0
-CGl9vN7z0s,The Secret Map Boss Is Finally Here! (Bloons TD 6),thumbnails/-CGl9vN7z0s.jpg,0
ro7RTx5PU-E,NHL Biggest Hits Of All Time,thumbnails/ro7RTx5PU-E.jpg,0
Zywrd-iXG0Y,We Stayed in a POD HOTEL in New York City for $55,thumbnails/Zywrd-iXG0Y.jpg,0
jCQhOWqqPX8,"Russia's Biggest Sept Win; Spl Forces 'Capture' Six Donetsk Towns, Wipe Out 300 Ukraine Troops",thumbnails/jCQhOWqqPX8.jpg,0
nUB7IflBBrc,The world's most powerful tidal current,thumbnails/nUB7IflBBrc.jpg,0
y6s9bqNqxEM,How to Install a Vessel Sink,thumbnails/y6s9bqNqxEM.jpg,0
kHuKuCaQamI,Director Wray Public Service Announcement on Frauds and Scams,thumbnails/kHuKuCaQamI.jpg,0
2SupordEUpw,Prisoners - Official Trailer 1 [HD],thumbnails/2SupordEUpw.jpg,0
5uEW02TbuhU,Video shows off-duty cop accidentally shooting himself in elevator,thumbnails/5uEW02TbuhU.jpg,0
QUYbN5KXl_Q,Surviving a -36° Night - No Tent & No Sleeping Bag,thumbnails/QUYbN5KXl_Q.jpg,0
XZVHmRvfDHM,Friends: Joey Finds Out (Season 5 Clip) | TBS,thumbnails/XZVHmRvfDHM.jpg,0
hdgKlBO0FPM,Best Friend Forever Song! with My Bestie! | CoComelon Nursery Rhymes & Kids Songs,thumbnails/hdgKlBO0FPM.jpg,0
4O7EEBDoato,🔵France vs Italy (1-3) Extended HIGHLIGHTS | UEFA Nations League,thumbnails/4O7EEBDoato.jpg,0
1VpMA87B4No,France - Italie : Le RÉSUMÉ du match !,thumbnails/1VpMA87B4No.jpg,0
_ItLpWohnUk,"Italian vlog: un giorno a Milano, tra passeggiate in centro e lavoro! (Sub)",thumbnails/_ItLpWohnUk.jpg,0
7yM3rYOkOTQ,Italian vlog: vita lenta in un fine settimana di giugno a Roma (Sub),thumbnails/7yM3rYOkOTQ.jpg,0
04LgoM5TSPM,tWitch's and His Family's Best Moments on 'The Ellen Show',thumbnails/04LgoM5TSPM.jpg,0
KMKiQ59g01E,8 Must See Places in Italy,thumbnails/KMKiQ59g01E.jpg,0
v-kRqUhrfic,Jennifer Lopez & Ben Affleck - Greatest Love Story Never Told,thumbnails/v-kRqUhrfic.jpg,0
600RzTL3mXA,"Jennifer Lopez Talks This Is Me...Now, Touring, Ben Affleck and Her Amazon Original Film (Extended)",thumbnails/600RzTL3mXA.jpg,0
4RzNwnp-9yQ,Jennifer Lopez STUNS At First Red Carpet After Ben Affleck Split,thumbnails/4RzNwnp-9yQ.jpg,0
K1HbsQRftfI,Does Travis have what Steve wants? | Celebrity Family Feud,thumbnails/K1HbsQRftfI.jpg,0
3I7qf87w9ac,Celebrity | Official Teaser | Netflix [ENG SUB],thumbnails/3I7qf87w9ac.jpg,0
3NXoxHLyMuw,The Rock comes to Roman Reigns' aid: Royal Rumble 2015,thumbnails/3NXoxHLyMuw.jpg,0
QaZ93sibpk0,73 Questions With Kim Kardashian West (ft. Kanye West) | Vogue,thumbnails/QaZ93sibpk0.jpg,0
Txqq8q5-cRA,Inside Kim Kardashian's Home Filled With Wonderful Objects | Vogue,thumbnails/Txqq8q5-cRA.jpg,0
xw9tcyxjwYM,Kim Kardashian’s: The System Podcast,thumbnails/xw9tcyxjwYM.jpg,0
YIAAI3j_vsY,Ellen Degeneres Makes Her First Appearance And Johnny Invites Her Back Anytime | Carson Tonight Show,thumbnails/YIAAI3j_vsY.jpg,0
MfZxuKvZiwA,David Letterman Gives Ellen Post-Show Advice,thumbnails/MfZxuKvZiwA.jpg,0
hG5IdasQS9o,Dakota Johnson’s Favorite Comedian Isn’t Ellen,thumbnails/hG5IdasQS9o.jpg,0
L147kFfchtI,Ellen Puts Johnny Depp in the Hot Seat,thumbnails/L147kFfchtI.jpg,0
pzPtlmzwajA,Jay-Z opens up about fighting for his marriage with Beyonce,thumbnails/pzPtlmzwajA.jpg,0
kWegd_d4VSM,"Megan Thee Stallion Rates Dating Apps, Dubbed Anime, and Texas Toast | Over/Under",thumbnails/kWegd_d4VSM.jpg,0
ANbhxA4xJ3g,10 Things Megan Thee Stallion Can't Live Without | GQ,thumbnails/ANbhxA4xJ3g.jpg,0
a6C0q1Z9pGA,Megan Thee Stallion’s Hot Girl Nighttime Skincare Routine | Go To Bed With Me | Harper's BAZAAR,thumbnails/a6C0q1Z9pGA.jpg,0
V2OgfwMclLw,Rihanna's Nighttime Skincare Routine | Go To Bed With Me | Harper's BAZAAR,thumbnails/V2OgfwMclLw.jpg,0
KONe4SNFA64,Rihanna's Epic 10-Minute Guide to Going Out Makeup | Beauty Secrets | Vogue,thumbnails/KONe4SNFA64.jpg,0
tU-tmfOQo9E,10 Of The Best Roller Coasters in the UK! Front Seat POVs!,thumbnails/tU-tmfOQo9E.jpg,0
cMtPJz3UkCA,Lego Theme Park,thumbnails/cMtPJz3UkCA.jpg,0
CTKg3WDTb3U,Rihanna Reveals Her Dressing Room Essentials,thumbnails/CTKg3WDTb3U.jpg,0
PdRzj1cDVa4,North West DROPS THE MIC During Speech on Stage,thumbnails/PdRzj1cDVa4.jpg,0
g2qhDUVsghM,Kamala Harris Full Interview on 'Ellen',thumbnails/g2qhDUVsghM.jpg,0
o4Of-wXPcqs,The Kardashian & Jenner family discuss various topics over dinner,thumbnails/o4Of-wXPcqs.jpg,0
FjUzFX5A5BM,"Celebrities | Kayden Sharma, Vijay Dada | MTV Hustle 03 REPRESENT",thumbnails/FjUzFX5A5BM.jpg,0
g2VpUoJvy-w,A Road Trip to the 2005 Super Bowl,thumbnails/g2VpUoJvy-w.jpg,0
owO44MQkgX0,"¥$, Ye, Ty Dolla $ign - TALKING ft. North West  (DIRECTED BY NORTH WEST)",thumbnails/owO44MQkgX0.jpg,0
uHFCS9fjhXM,Jason Statham kills a gangster and his mercenaries with cutlery / Wild Card (2015),thumbnails/uHFCS9fjhXM.jpg,0
i1gw3KcRccY,Vin Diesel drinking Diesel AI 2024,thumbnails/i1gw3KcRccY.jpg,0
QQKk-8693rY,Jason Statham Gas Station Fight Scene | Homefront (2013) | Movie Clip 4K,thumbnails/QQKk-8693rY.jpg,0
sgKUS9AFemc,Grim Reaper Prank,thumbnails/sgKUS9AFemc.jpg,0
cgIbzjjbdw8,"Karate Prank NYC | Cobra Kai (Ralph Macchio, William Zabka)",thumbnails/cgIbzjjbdw8.jpg,0
AUujzcGkN-Q,Unbelievable DIY Backyard TRANSFORMATION (Thousands $$$ SAVED by Doing it Myself!),thumbnails/AUujzcGkN-Q.jpg,0
2Zs6mi5bvic,Strongest Girl in the World Prank - Just For Laughs Gags,thumbnails/2Zs6mi5bvic.jpg,0
glsCBOGAf8k,Leopard Prank in Camden Town!,thumbnails/glsCBOGAf8k.jpg,0
lvbKnaQBL10,LE SSERAFIM (르세라핌) 'CRAZY' Lisa Rhee Dance Cover,thumbnails/lvbKnaQBL10.jpg,0
OY17HIE5fSM,The Benefits of Ignoring People,thumbnails/OY17HIE5fSM.jpg,0
y6ZBCw0E_Xg,Middle School In A Nutshell,thumbnails/y6ZBCw0E_Xg.jpg,0
GJ62u8hvlEc,Best Pranks We've Seen So Far 🤣 Funniest Prank Videos,thumbnails/GJ62u8hvlEc.jpg,0
VO-6aOpdp5c,"The Proof Is Out There: ""Truth or Legend?!"" Top 7 Terrifying Myths | History",thumbnails/VO-6aOpdp5c.jpg,0
MTJ1tlfPvjM,A gas station shootout in Atlanta caught on camera,thumbnails/MTJ1tlfPvjM.jpg,0
VLInjyogciw,How to Spend 2 Days in ROME Italy | Travel Itinerary,thumbnails/VLInjyogciw.jpg,0
sTmpbEYUba0,Race Highlights | 2024 Italian Grand Prix,thumbnails/sTmpbEYUba0.jpg,0
dEAWMunrZho,12 Mind-Blowing Tips You Never Knew You Needed! | Life-Changing Hacks & Tricks!,thumbnails/dEAWMunrZho.jpg,0
omeKzwAlK04,Instant Regret Compilation #15 😂🔥,thumbnails/omeKzwAlK04.jpg,0
jldVCbV0usg,Scientists Terrifying New Discovery Hidden In Australia,thumbnails/jldVCbV0usg.jpg,0
7B6FkBqkZ1g,Ego - The Crazy Things We Do Official Music Video (Dancing Gorillas),thumbnails/7B6FkBqkZ1g.jpg,0
QNAmN352YEU,Fails in the Wild | Funny Wilderness Moments Caught in 4K,thumbnails/QNAmN352YEU.jpg,0
3-Zu-vhWEUg,EVIL KIDS FIGHT Over Dead MOM'S FORTUNE | Dhar Mann Bonus!,thumbnails/3-Zu-vhWEUg.jpg,0
6xxhYr4gbQE,What's Next? The Future with Bill Gates | Official Trailer | Netflix,thumbnails/6xxhYr4gbQE.jpg,0
xo5ChWMu4yE,World's MOST Viewed YouTube Shorts! VIRAL CLIPS,thumbnails/xo5ChWMu4yE.jpg,0
O5_E1p_jbIw,Spoiled Kid Gets Yelled at,thumbnails/O5_E1p_jbIw.jpg,0
CyZ1ZuhCajw,10 Amazon Products For A Clutter Free Home,thumbnails/CyZ1ZuhCajw.jpg,0
z-0G2vfjbiI,13 BEST THINGS TO BUY ON AMAZON RIGHT NOW 🤩 2024 Favorites,thumbnails/z-0G2vfjbiI.jpg,0
g1Y2DatQhdU,Top 5 WEIRDEST Frogs at Snake Discovery!,thumbnails/g1Y2DatQhdU.jpg,0
Ufl10eCvZWQ,The Secret to Dana White’s Body Transformation - Superhuman Protocol,thumbnails/Ufl10eCvZWQ.jpg,0
9Hb2exPS4Ic,One In a Million. The Rarest and Most Unique People on Earth,thumbnails/9Hb2exPS4Ic.jpg,0
Qzw6A2WC5Qo,"Skillet - ""Feel Invincible"" [Official Music Video]",thumbnails/Qzw6A2WC5Qo.jpg,0
_l4KXnKjw88,Evil Season 1 Trailer | Rotten Tomatoes TV,thumbnails/_l4KXnKjw88.jpg,0
i7BpVtbJ88w,Rare Footage: ‘Hot Thing’ behind-the-scenes from Prince’s Sign O’ the Times Movie (pro footage),thumbnails/i7BpVtbJ88w.jpg,0
qtnsgO3xBfM,Unlucky Fails Of The Week,thumbnails/qtnsgO3xBfM.jpg,0
bqv7mjTaFUM,Horror Moments in Football,thumbnails/bqv7mjTaFUM.jpg,0
BhbDIgwHy0A,TOP 10 GOALS: EURO 2024,thumbnails/BhbDIgwHy0A.jpg,0
3UQmJ3tj0ao,Selena Gomez - Love On (Vevo Footnotes),thumbnails/3UQmJ3tj0ao.jpg,0
k_lqOyoLsmc,"Travis Kelce's Reps Shuts Down ""Entirely False"" Taylor Swift Breakup Plan | E! News",thumbnails/k_lqOyoLsmc.jpg,0
9QCvbFGtDH4,From Superfan to Boyfriend: Travis Kelce & Taylor Swift’s LOVE STORY ❤️,thumbnails/9QCvbFGtDH4.jpg,0
sSsqvGgwGVc,Travis Kelce opens up about life in the limelight,thumbnails/sSsqvGgwGVc.jpg,0
n4_RdgH-I_0,Taylor Swift and Travis Kelce being SOULMATES for 2 minutes straight,thumbnails/n4_RdgH-I_0.jpg,0
RBSWgoozAdc,TOP 10 Taylor Swift and Travis Kelce HEART MELTING MOMENTS...,thumbnails/RBSWgoozAdc.jpg,0
kffacxfA7G4,Justin Bieber - Baby ft. Ludacris,thumbnails/kffacxfA7G4.jpg,0
ZFnd0vDRGS0,Taylor Swift Flirting in Interviews,thumbnails/ZFnd0vDRGS0.jpg,0
Y-en32wDqxI,Taylor Swift & Selena Gomez First Interview Together,thumbnails/Y-en32wDqxI.jpg,0
CHVhwcOg6y8,Justin Bieber - One Time (Official Music Video),thumbnails/CHVhwcOg6y8.jpg,0
UUSNhlp5dhE,See Selena Gomez SURPRISE a High School Volleyball Team With an Unexpected Appearance! | E! News,thumbnails/UUSNhlp5dhE.jpg,0
-YICuUtkjlg,Miley Cyrus - Wrecking Ball (Director's Cut),thumbnails/-YICuUtkjlg.jpg,0
1__IO93Xmiw,"Selena Gomez on Only Murders, Working with Meryl Streep & She Does Martin Short’s Makeup",thumbnails/1__IO93Xmiw.jpg,0
ZMozm7JSfM8,Selena Gomez Makes A Breakfast Burger with Gordon Ramsay,thumbnails/ZMozm7JSfM8.jpg,0
wwYmiIn0Za0,“Jalen can take that next step forward” - Jason has high expectations for Hurts and Eagles this year,thumbnails/wwYmiIn0Za0.jpg,0
V7XQjcffunA,"""I'm so done talking about last year"" - Travis talks mindset, new Chiefs additions ahead of kickoff",thumbnails/V7XQjcffunA.jpg,0
81beBPicSUM,"Chiefs Kick Off the Season, Jason Scouts the Birds and NFL Week 1 Preview | Ep 99",thumbnails/81beBPicSUM.jpg,0
f8RWmzO4Epo,"With Steve Martin & Martin Short, 'Only Murders' is a 'safe place' for Selena Gomez | AP interview",thumbnails/f8RWmzO4Epo.jpg,0
FLfmMreDee8,RED ONE | Official Trailer,thumbnails/FLfmMreDee8.jpg,0
3aPkYrKiQjw,Justin Bieber: Full Interview | Alan Carr: Chatty Man | The Talk Show Channel,thumbnails/3aPkYrKiQjw.jpg,0
LAh0F1PcLos,#SteveHarvey #Dance Battle? Say LESS!!!! 🤣😂😁,thumbnails/LAh0F1PcLos.jpg,0
hulIu-A067k,"Yung Miami On Life Lessons, Beef, and Male BBLs | That’s Deep",thumbnails/hulIu-A067k.jpg,0
56WBK4ZK_cw,"benny blanco, Halsey & Khalid – Eastside (official video)",thumbnails/56WBK4ZK_cw.jpg,0
Bvt5vMwG1KE,Brad Pitt Makes Red Carpet Debut With Girlfriend Ines De Ramon,thumbnails/Bvt5vMwG1KE.jpg,0
4_g0Ch6hwaA,Orlando Brown EXPOSES List Of Rappers He Slept With | They Made Tapes?,thumbnails/4_g0Ch6hwaA.jpg,0
yXzfHhg73pA,"Jaguar Wright dissects Tyler Perry NEW movie in DETAIL ""It's a humiliation RITUAL"" & g&y agenda",thumbnails/yXzfHhg73pA.jpg,0
Oc_Gu4hAzvQ,"Jaguar Wright expose industry WITCHES, her manager passing SACRIFICE & whole industry is related!?",thumbnails/Oc_Gu4hAzvQ.jpg,0
ZxkMSasv32U,Harry Styles’ Last Interview on ‘Ellen’,thumbnails/ZxkMSasv32U.jpg,0
-3Z0l7QrsKo,Meek Mill Replies to Fans on the Internet | Actually Me | GQ,thumbnails/-3Z0l7QrsKo.jpg,0
cHH3M7y1GHA,Cameron Boyce Plays RAW's This or That,thumbnails/cHH3M7y1GHA.jpg,0
RbXhJSVoGTw,Meeting My Internet Best Friend,thumbnails/RbXhJSVoGTw.jpg,0
6YxGCccOEHc,Noah Centineo Plays With Puppies While Answering Fan Questions,thumbnails/6YxGCccOEHc.jpg,0
oYC2BL5J4cY,Beyonce gets REAL about the Music Industry,thumbnails/oYC2BL5J4cY.jpg,0
WMVTbxnm6i4,Mastermind - Leaked [Music Video] | GRM Daily,thumbnails/WMVTbxnm6i4.jpg,0
UgI071JSZMQ,"CARNIVAL (¥‎$, KANYE WEST, TY DOLLA $IGN, PLAYBOI CARTI & RICH THE KID) LIVE AT VULTURES LP NEW YORK",thumbnails/UgI071JSZMQ.jpg,0
weYWmFZk4Ls,Kanye West and Italian Football Ultras,thumbnails/weYWmFZk4Ls.jpg,0
mBaH5r4asNk,Kim Kardashian Says Her Kids Try to Set Her Up on Dates; Reveals Her Beats by Dre Collaboration,thumbnails/mBaH5r4asNk.jpg,0
LX2dDI1KkQ8,Jada Pinkett Smith addresses Will slapping Chris Rock at Oscars,thumbnails/LX2dDI1KkQ8.jpg,0
ivCY3Ec4iaU,Kanye West - Follow God,thumbnails/ivCY3Ec4iaU.jpg,0
TCPPZSEOi08,Jaguar Wright - The What If's,thumbnails/TCPPZSEOi08.jpg,0
1CXmTz9NaUI,P. Diddy Grand Jury Issues New Subpoena in Trafficking Investigation,thumbnails/1CXmTz9NaUI.jpg,0
B2ULWkTZjhM,‘Extraordinary’: Dana Bash describes interview moment when Harris discussed historic call with Biden,thumbnails/B2ULWkTZjhM.jpg,0
GbJO59nWQRU,P. Diddy [feat. Black Rob & Mark Curry] - Bad Boy 4 Life (Official Music Video),thumbnails/GbJO59nWQRU.jpg,0
5D3crqpClPY,50 Cent - Many Men (Wish Death) (Dirty Version),thumbnails/5D3crqpClPY.jpg,0
np58TkozQv8,My FIRST TIME Performing with Jaden!!,thumbnails/np58TkozQv8.jpg,0
laCpg2ULs00,Beyoncé's Second Interview on The Ellen Show (Full Interview),thumbnails/laCpg2ULs00.jpg,0
5V_FQa363Y0,Justin Bieber - 'Love Yourself' (Live At Jingle Bell Ball 2015),thumbnails/5V_FQa363Y0.jpg,0
9nzQont2FjY,Bestie Duo Taylor Swift & Selena Gomez,thumbnails/9nzQont2FjY.jpg,0
YL-SSs-6lX8,Justin Bieber - 'Sorry' (Jingle Bell Ball 2015),thumbnails/YL-SSs-6lX8.jpg,0
6u9F_gBr37o,Exclusive: A federal grand jury may soon hear from Sean ‘Diddy’ Combs’ accusers,thumbnails/6u9F_gBr37o.jpg,0
j9_l7DoWazU,'Obviously bad for the economy': Commentator reacts to Trump's economic proposal,thumbnails/j9_l7DoWazU.jpg,0
l6wvsjthsPE,Exclusive: Ukraine army chief reveals the strategy behind Kursk incursion,thumbnails/l6wvsjthsPE.jpg,0
Wa-kbAm3_IU,MEEK MILL: MILLION DOLLAZ WORTH OF GAME EPISODE 133,thumbnails/Wa-kbAm3_IU.jpg,0
_COpEcIXj-8,Jada Pinkett Smith Responds to Allegation Will Smith Had Sex With Duane Martin | TMZ,thumbnails/_COpEcIXj-8.jpg,0
FI2J0flYLYw,FBI says accused Georgia high school shooter was on FBI's radar last year,thumbnails/FI2J0flYLYw.jpg,0
SdL-jg6KxtY,Andrew Tate talks about Mr.Beast #andrewtate,thumbnails/SdL-jg6KxtY.jpg,0
lKoXhTuUOI8,Hear what Putin says is ‘infectious’ about Kamala Harris,thumbnails/lKoXhTuUOI8.jpg,0
Nv4M4Hf0suU,Oprah Winfrey addresses Democratic National Convention | full video,thumbnails/Nv4M4Hf0suU.jpg,0
QlBI5Q1Vn14,"Kim Kardashian on Living Next to Madonna, Push-Up Bra with Nipples & Which Online Rumors are True",thumbnails/QlBI5Q1Vn14.jpg,0
SQq4C7NluwY,15 More Minutes of Katt Williams,thumbnails/SQq4C7NluwY.jpg,0
UKXD6EvSR78,15 Minutes of Katt Williams,thumbnails/UKXD6EvSR78.jpg,0
6GMmFHfQ_Ok,It's all Good with Meagan Good,thumbnails/6GMmFHfQ_Ok.jpg,0
5DCQIZGD8vs,Taye Diggs talks reuniting with Meagan Good after 20 years on FOREVER | TV Insider,thumbnails/5DCQIZGD8vs.jpg,0
kMzk9n1sIrU,Hart to Heart | Jay-Z on How Muhammad Ali Taught Him Confidence,thumbnails/kMzk9n1sIrU.jpg,0
3ZmrbwSPU1c,"Jay-Z on His Relationship with His Dad, Going to Therapy & Emotional Intelligence | Hart to Heart",thumbnails/3ZmrbwSPU1c.jpg,0
5XhCGR6MoSE,Nelly - Ride Wit Me (Dirty Official Video),thumbnails/5XhCGR6MoSE.jpg,0
Y5qKNlcUwKs,Nelly - Country Grammar (Hot...) (Official Music Video),thumbnails/Y5qKNlcUwKs.jpg,0
LO1dUSjfCFE,Nicki Minaj Takes The Colbert Questionert,thumbnails/LO1dUSjfCFE.jpg,0
gFjRGvuMw04,Marc Anthony - Tu Amor Me Hace Bien / Cambio de Piel / Vivir Mi Vida Medley (Premio Lo Nuestro 2014),thumbnails/gFjRGvuMw04.jpg,0
Apnm7TAZvt8,Everything Kanye Has Said About Kim [2019],thumbnails/Apnm7TAZvt8.jpg,0
c4vi5Q7_DIo,The Braxtons (Official Trailer),thumbnails/c4vi5Q7_DIo.jpg,0
ljbhRXjoDjk,The Coolest - Jaden,thumbnails/ljbhRXjoDjk.jpg,0
ZiGbRR7-vcc,Black Jaguar White Tiger Foundation Part 1,thumbnails/ZiGbRR7-vcc.jpg,0
M2oHDG7R45Y,"(UN)RESPECTFULLY, KANYE WEST #1 (FUNNY/BEST MOMENTS)",thumbnails/M2oHDG7R45Y.jpg,0
vFGWIhnE3i4,DRAKE: Sundae Conversation with Caleb Pressley,thumbnails/vFGWIhnE3i4.jpg,0
8LPVjHxXvJM,Jimmy Interviews Cardi B,thumbnails/8LPVjHxXvJM.jpg,0
1pDpI8YiJsQ,50 Cents $3.5 Million Photo Shoot,thumbnails/1pDpI8YiJsQ.jpg,0
_uS8QRe2qfE,Quavo - WITHOUT YOU (Official Video),thumbnails/_uS8QRe2qfE.jpg,0
c_cJt6QwTR8,Tiffany Henyard hit with 3 wrongful termination lawsuits,thumbnails/c_cJt6QwTR8.jpg,0
i0buH4SoWGw,Yung Miami Breaks Silence on Diddy Allegations,thumbnails/i0buH4SoWGw.jpg,0
Nbh-yvtlRcs,10 Most Shocking P. Diddy Details We've Learned (So Far),thumbnails/Nbh-yvtlRcs.jpg,0
IUhvH8eUazc,Yung Miami Opens Up About Diddy...,thumbnails/IUhvH8eUazc.jpg,0
n-lMREarydM,Best of Who'd You Rather on The Ellen Show (Part 1),thumbnails/n-lMREarydM.jpg,0
JeFxIPPTKvI,Then and Now: Drake's First and Last Appearances on The Ellen Show,thumbnails/JeFxIPPTKvI.jpg,0
2fdp8SVOSF4,Simone Biles Stuns With New Triple Double on Floor | Champions Series Presented By Xfinity,thumbnails/2fdp8SVOSF4.jpg,0
aIAy0vn4fRo,Simone Biles Talks Possibility of Competing in 2028 Olympics and Meeting Tom Cruise in Paris,thumbnails/aIAy0vn4fRo.jpg,0
FBL1SHwmVFw,Ben Affleck Reveals He and His Kids Are Stunned by J.Lo's Level of Fame,thumbnails/FBL1SHwmVFw.jpg,0
sgbND4E4MwQ,Ben Affleck Slams The Car Door In Jennifer Lopez's Face While Out Running Errands In A Bad Mood,thumbnails/sgbND4E4MwQ.jpg,0
oGPxEX2dbTA,70th Parsons Benefit: Solange Knowles | Parsons School of Design,thumbnails/oGPxEX2dbTA.jpg,0
ZstrOke8VZA,Solange Knowles - Expressing a Sense of Belonging on “When I Get Home” | The Daily Show,thumbnails/ZstrOke8VZA.jpg,0
zPikcd01B7s,Wendy Williams Speaks On Her Recent Doctor's Visit While Arriving For Dinner At Fresco By Scotto,thumbnails/zPikcd01B7s.jpg,0
zdXzSdwfR_I,Wendy Williams Makes First Public Outing in a Year,thumbnails/zdXzSdwfR_I.jpg,0
qZA080mQiw8,Nick Krygios Interviews Novak Djokovic | On-Court Interview | 2024 US Open Round 2,thumbnails/qZA080mQiw8.jpg,0
h2aOm7GXoco,Nick Kyrgios interview (2R) - Australian Open 2015,thumbnails/h2aOm7GXoco.jpg,0
uSmmSLMOhI4,1005 Interview Nick KYRGIOS &Thanasi KOKKINAKIS,thumbnails/uSmmSLMOhI4.jpg,0
LywyC3KqAXM,Nick Kyrgios Post-Final Press Conference | Wimbledon 2022,thumbnails/LywyC3KqAXM.jpg,0
KEvh6AOHLZg,Novak Djokovic and Nick Kyrgios share the LOVE in New York 🤝,thumbnails/KEvh6AOHLZg.jpg,0
AdM4fi9Y6cw,Novak boots 'Where's Wally' hecklers from Rod Laver - Australian Open 2023 | Wide World of Sports,thumbnails/AdM4fi9Y6cw.jpg,0
9COUA-77qCQ,"Tennis - ATP 2024 - Rafael Nadal : ""No creo que Jannik Sinner quisiera doparse""",thumbnails/9COUA-77qCQ.jpg,0
dh18o6Zd138,Novak Djokovic interview on the US Open & winning Olympic gold + John McEnroe joins | SC with SVP,thumbnails/dh18o6Zd138.jpg,0
EY28I_XtVF8,"Nadal, sobre el tema catalán   La situación es límite , Telediario   RTVE es A la Carta",thumbnails/EY28I_XtVF8.jpg,0
4KxWciwzhQw,Rafael Nadal Exclusive Interview Around the Grounds | Indian Wells 2024,thumbnails/4KxWciwzhQw.jpg,0
u-zBkjndGBY,Rafa Nadal confiesa el secreto de su fuerza mental - El Hormiguero,thumbnails/u-zBkjndGBY.jpg,0
d6MA1fW-ICA,RAFA NADAL es aplaudido en EL HORMIGUERO por este gesto,thumbnails/d6MA1fW-ICA.jpg,0
g63PQynxX8s,¿Se retira Rafa Nadal? - El Hormiguero,thumbnails/g63PQynxX8s.jpg,0
-OLwP9vXMsk,Roger Federer - CNN EXCLUSIVE Interview,thumbnails/-OLwP9vXMsk.jpg,0
PqmE5mng5eE,Roger Federer Talks About Life After Retirement On BBC Breakfast [14.06.2024],thumbnails/PqmE5mng5eE.jpg,0
-J8eqDxOiUg,Tennis Icon Roger Federer Visits the Golden State Warriors,thumbnails/-J8eqDxOiUg.jpg,0
ZioR9pWyOdE,Magic from Novak Djokovic and Lorenzo Musetti | Highlights | Wimbledon 2024,thumbnails/ZioR9pWyOdE.jpg,0
_4cUkB327Ls,Roger Federer Returns to Arthur Ashe Stadium! | 2024 US Open,thumbnails/_4cUkB327Ls.jpg,0
uKUO6uuk__8,Novak Djokovic Press Conference | 2024 US Open Round 3,thumbnails/uKUO6uuk__8.jpg,0
B9FJfmKv998,Top Elegant Princess Leonor And Infanta Sofia Of Spain Romantic Couple Photo Outstanding Design,thumbnails/B9FJfmKv998.jpg,0
zcpMe9kvgTk,La REINA LETIZIA cumple 50 AÑOS: Cómo era la JOVEN PERIODISTA que conocimos en el TELEDIARIO | RTVE,thumbnails/zcpMe9kvgTk.jpg,0
MgxEn2jv-YU,princess leonor has grown into such a confident and beautiful young woman❤️ #princessleonor #leonor,thumbnails/MgxEn2jv-YU.jpg,0
aUOfRNO6Dac,"LAMINE YAMAL |SALUDO VIRAL con LEONOR y SOFÍA de su edad, PRINCESA E INFANTA",thumbnails/aUOfRNO6Dac.jpg,0
SLt5qC2zBxY,Princess Leonor of Spain receives the Order of Charles III on her 18th birthday 2023,thumbnails/SLt5qC2zBxY.jpg,0
pQWszm2az4I,"El video del Rey Felipe VI, Letizia, Sofía y Leonor, comiendo sopa",thumbnails/pQWszm2az4I.jpg,0
bQXK09jDlcw,GAVI's IMPRESSIVE PROGRESS & SERGI DOMÍNGUEZ's thoughts on his DEBUT | FC Barcelona training 🔵🔴,thumbnails/bQXK09jDlcw.jpg,0
N3b49V2oqwc,GAVI REUNITED WITH THE BALL AGAIN 💙❤️⚽ | FC Barcelona,thumbnails/N3b49V2oqwc.jpg,0
Ttoq1NUkMm8,La princesa Leonor jura la Constitución por su mayoría de edad | Mejores momentos,thumbnails/Ttoq1NUkMm8.jpg,0
98GHT-djVh0,The Kings and Princess Leonor attend the inauguration of the flag at the Escola Naval Militar.,thumbnails/98GHT-djVh0.jpg,0
1-6cgn7bquY,"Conoce a Irene Urdagnarin de Borbón, la hija pequeña de la Infanta Cristina e Iñaki Urdangarin",thumbnails/1-6cgn7bquY.jpg,0
56jNVKuKywQ,La Princesa Leonor: su primera salida al mar en la Escuela Naval Militar,thumbnails/56jNVKuKywQ.jpg,0
2SBmi9lIstI,"Las imágenes más familiares del rey Felipe VI, la reina Letizia y las infantas | España",thumbnails/2SBmi9lIstI.jpg,0
zgJ3szUw2ng,Audiencia a la selección española de fútbol. Campeona de la UEFA EURO 2024,thumbnails/zgJ3szUw2ng.jpg,0
KAH6qbE-Mvo,Princess Leonor VS Infanta Sofía Charming Transformation ★ From Baby To 2023,thumbnails/KAH6qbE-Mvo.jpg,0
teiFpIjevyg,princess leonor and infanta sofia enjoy Olympic games#spanish#royal#princess#viral#fashion #olympics,thumbnails/teiFpIjevyg.jpg,0
QvwrFo7fXTM,"Irene Urdangarín, centrada en sacarse el carnet de conducir ante su primer verano de amor",thumbnails/QvwrFo7fXTM.jpg,0
JrCoj5ZVZio,Leonor y Sofía y su agridulce día en los Juegos Olímpicos de Paris,thumbnails/JrCoj5ZVZio.jpg,0
hEPSKdM2beA,last day of Spanish royal in Paris #spain#princess#viral#fashion#royal#olympics#paris#paris2024,thumbnails/hEPSKdM2beA.jpg,0
1qnzrtJoXF4,Details Revealed About King Felipe VI & Queen Letizia's Marriage,thumbnails/1qnzrtJoXF4.jpg,0
PguxcJaJlTc,16-year-old Carlos Alcaraz Best Shots in First ATP Win | Rio 2020,thumbnails/PguxcJaJlTc.jpg,0
WpH24vV-3P0,Carlos Alcaraz Press Conference | 2024 US Open Round 2,thumbnails/WpH24vV-3P0.jpg,0
dLGAhsqxTZo,"Mark Wahlberg on Living in Las Vegas, Doing Stunts with Halle Berry & Filming in Australia",thumbnails/dLGAhsqxTZo.jpg,0
YIX4UMlBvzA,Rafael Nadal's Heartwarming Father-Son Moment Amidst Fan Encounter,thumbnails/YIX4UMlBvzA.jpg,0
QNwrN5WsZzw,WATCH: Rafael Nadal get the Middle Finger at the Australian Open 2021,thumbnails/QNwrN5WsZzw.jpg,0
JlH2SpApajU,"Nadal Hosted Federer in His Home and Met Him with His Family, Showing that They are True Friends",thumbnails/JlH2SpApajU.jpg,0
ay3uvuaI9tM,This is Why Roger Federer Did NOT LIKE Djokovic Throughout his Career,thumbnails/ay3uvuaI9tM.jpg,0
Ya4l6ZoLsOM,Rafael Nadal eliminates Márton Fucsovics in Olympic Men singles 🐐 | #Paris2024 Highlights,thumbnails/Ya4l6ZoLsOM.jpg,0
ls_pFtSCaDo,Rafael Nadal offers retirement update as Spaniard appears on TV during US OpenThe 38-year-old has c,thumbnails/ls_pFtSCaDo.jpg,0
c0hQL69I-mg,Roger Federer shares retrospective on his career in new book,thumbnails/c0hQL69I-mg.jpg,0
8luQ8v-jRJg,Alcaraz/Agassi vs. Djokovic/McEnroe Full Match | 2024 US Open,thumbnails/8luQ8v-jRJg.jpg,0
yFRoKxOkNSk,Level 1 to 100 Science Gadgets,thumbnails/yFRoKxOkNSk.jpg,0
54_qd5xd0Oc,No Refund for You | The People's Court,thumbnails/54_qd5xd0Oc.jpg,0
LQFNBMS_u7E,EVIL NEUROSAMA Goes Off On Chat & Vedal! 🤣,thumbnails/LQFNBMS_u7E.jpg,0
sg-AMwFga1A,35 Times Rafael Nadal Sent Tennis Commentators WILD!,thumbnails/sg-AMwFga1A.jpg,0
gfKlNfF6Tfo,Superhuman Email: A Look Inside,thumbnails/gfKlNfF6Tfo.jpg,0
IYAajhGoewY,Comparing Superhuman And GodHuman Max Damage!! [🌊 Blox Fruits Update 17.3],thumbnails/IYAajhGoewY.jpg,0
RtM7IuywPTk,Impractical Jokers - Murr Interrupts this Meeting at Tumblr Like a Boss (Punishment) | truTV,thumbnails/RtM7IuywPTk.jpg,0
JHucNu_u774,"Princess Leonor’s baptism of the sea, wins medal on her first Day at Navy School",thumbnails/JHucNu_u774.jpg,0
Zr8pQCfn_R4,princess leonor on her first day of military training #princess#queen#viral#trend#leonor #royalty,thumbnails/Zr8pQCfn_R4.jpg,0
tR-wQV0Bimg,"Monaco's Supercars: Night Life, Luxury, and Exclusivity",thumbnails/tR-wQV0Bimg.jpg,0
Mqtotl85tN4,"Dubai Ruler Sheikh Mohammed: Luxury Life, Wives and Scandals with Daughters",thumbnails/Mqtotl85tN4.jpg,0
gP1D7ISgFzU,Princess Leonor of Spain begins official visit to Portugal,thumbnails/gP1D7ISgFzU.jpg,0
CisOMl3ibTw,"John Kennedy: We need more idiot control, not more gun control | The Record with Greta Van Susteren",thumbnails/CisOMl3ibTw.jpg,0
zBX88mtYxyc,The Poorest Queens in the world,thumbnails/zBX88mtYxyc.jpg,0
a--C9lyvq-k,Beyoncé Accepts The Innovator Award At The 2024 iHeartRadio Music Awards,thumbnails/a--C9lyvq-k.jpg,0
zG3i9UX14Bk,"The Prince of Wales, The Princess of Wales & The Princess Royal at Windsor Castle #146",thumbnails/zG3i9UX14Bk.jpg,0
MJX7VGcJF1c,Prince William REACTS to King Charles' Joke About His Children,thumbnails/MJX7VGcJF1c.jpg,0
wxUtr7Qq798,"Prince Harry, William & Princess Kate Race for Charity | ABC News",thumbnails/wxUtr7Qq798.jpg,0
RADMoVY-EMI,Prince William's moving speech for King Charles III | Coronation Concert at Windsor Castle - BBC,thumbnails/RADMoVY-EMI.jpg,0
WRsnHpIQPN8,Princess Kate's heartwarming reaction to husband Prince William during address,thumbnails/WRsnHpIQPN8.jpg,0
pPZkWxoZy4I,Prince William’s Royally SHOCKING 2023 Salary Revealed | E! News,thumbnails/pPZkWxoZy4I.jpg,0
1mKRARKggGQ,Prince William Rushes to Aid Fallen Dignitary,thumbnails/1mKRARKggGQ.jpg,0
1JsRIZQpkRU,Prince William on his hopes for planet Earth 🌍  | The Earthshot Prize 2022 - BBC,thumbnails/1JsRIZQpkRU.jpg,0
bbEbBHFBAkY,Royals in attendance as Prince William and Kate Middleton graduate,thumbnails/bbEbBHFBAkY.jpg,0
rgb3sxJoZhM,Princess Anne’s take on the monarchy under King Charles,thumbnails/rgb3sxJoZhM.jpg,0
y5Bv_rPTTWc,Meet The ‘Alien’ That Believes She Is Sent From Outer Space | This Morning,thumbnails/y5Bv_rPTTWc.jpg,0
K8HOZlC5ECQ,Funniest Royal Moments 👑| The Ultimate Compilation,thumbnails/K8HOZlC5ECQ.jpg,0
EiEifW_Gob0,Prince Harry Takes The Colbert Questionert,thumbnails/EiEifW_Gob0.jpg,0
2hPi38x90ks,In full: William and Kate's 2010 engagement interview | ITV News,thumbnails/2hPi38x90ks.jpg,0
7CTtYz2R4nw,Princess Kate Shares Rare Statement About Royal Work Amid Cancer Diagnosis | E! News,thumbnails/7CTtYz2R4nw.jpg,0
RXo7w9uhSQ0,"Prince William calls for entrepreneurs to ""repair this planet"" not explore space travel - BBC News",thumbnails/RXo7w9uhSQ0.jpg,0
MuaaU0BuCnU,Prince William on Climate Change: The most consequential decade in history,thumbnails/MuaaU0BuCnU.jpg,0
W3xmvLgdOVI,Royal Baby Prince George Is Born - 25 Years Of Sky News,thumbnails/W3xmvLgdOVI.jpg,0
ZutmqaiGRrk,Prince George: His First Year,thumbnails/ZutmqaiGRrk.jpg,0
ctKmI0vbMzg,Prince Harry and Meghan Markle show off their new baby Archie to the world,thumbnails/ctKmI0vbMzg.jpg,0
nDKGAPppxwU,The Duke and Duchess of Cambridge surprise Radio 1's Adele Roberts,thumbnails/nDKGAPppxwU.jpg,0
6ovcjMT6Ai8,Prince William’s new BEARD on display during visit to homelessness exhibition | HELLO!,thumbnails/6ovcjMT6Ai8.jpg,0
dhe73UMqREI,Prince William Celebrates 42nd Birthday Dancing at Taylor Swift Concert,thumbnails/dhe73UMqREI.jpg,0
Jx24ay589mQ,Duchess Kate takes on Prince Harry and William in Royal relay,thumbnails/Jx24ay589mQ.jpg,0
lBvix8cJ_zc,"Prince William, Prince Harry & The Prince of Wales interview with Ant and Dec",thumbnails/lBvix8cJ_zc.jpg,0
gsmApvRGInU,Royal Bloopers: Top Moments The Royals Lost Their Usual Composure,thumbnails/gsmApvRGInU.jpg,0
mK4k80Eaw24,What Hand Sign Did Prince Harry Make During Photo With Melania Trump?,thumbnails/mK4k80Eaw24.jpg,0
oi1a4UDpo44,Prince Louis FIGHTS BACK at Mom Kate Middleton,thumbnails/oi1a4UDpo44.jpg,0
mkWEFpSzDuQ,Why Prince Harry Is Set to 'Inherit Millions' on His 40th Birthday,thumbnails/mkWEFpSzDuQ.jpg,0
T3bW0dKZ_h8,Royal Baby: Prince William and Kate introduce Prince Louis to the public,thumbnails/T3bW0dKZ_h8.jpg,0
_BCfN5vSMHw,Julie Andrews on Meghan Markle’s Lawsuit | WWHL,thumbnails/_BCfN5vSMHw.jpg,0
OYZ6zC2wV2M,Queen Jokes with Canadian Officer About His Medals,thumbnails/OYZ6zC2wV2M.jpg,0
mfsFTWdRfkw,Kate and Royal Children Arrive for Funeral,thumbnails/mfsFTWdRfkw.jpg,0
tuZZXi6qxjk,The earliest memories of King Charles III - BBC,thumbnails/tuZZXi6qxjk.jpg,0
TzNCqZsFdKE,Asda employee faints in front of Prince Charles,thumbnails/TzNCqZsFdKE.jpg,0
f2IsafsIW_8,Prince Charles Giggles as Boris Johnson Battles Umbrella,thumbnails/f2IsafsIW_8.jpg,0
HhV2082VhPA,Moment King Charles III furiously motions for aide to move ink pot as he signs proclamation,thumbnails/HhV2082VhPA.jpg,0
j1EUsGrIgMY,Prince Charles tells BBC his Aston Martin runs on wine and cheese - BBC News,thumbnails/j1EUsGrIgMY.jpg,0
7oxlCKMlpZw,An Afternoon with Prince Harry & James Corden,thumbnails/7oxlCKMlpZw.jpg,0
VcNCBP2IRUc,King Charles signals to aide to remove pens during signing of oath,thumbnails/VcNCBP2IRUc.jpg,0
2Encm187scA,'I can't bear this bloody thing': King Charles gets frustrated with leaky pen,thumbnails/2Encm187scA.jpg,0
_6br-YeGh40,King Charles fulfilling the role of Monarch 'very well' DESPITE health problems - 'HUGE success',thumbnails/_6br-YeGh40.jpg,0
Y9EUPrd_oJw,Full Speech: King Charles III Gives First Address After Death Of Queen Elizabeth II,thumbnails/Y9EUPrd_oJw.jpg,0
NQMicLluWfs,Moment HM King Charles III is crowned in Coronation ceremony - BBC News,thumbnails/NQMicLluWfs.jpg,0
nwtZG78DXEY,Royal fans spot Meghan Markle's 'reaction' to Kate Middleton during Jubilee,thumbnails/nwtZG78DXEY.jpg,0
WY-Jk3Ubs4U,Royal Security Officer On Life Inside The Royal Family | Minutes With | @ladbiblestories​,thumbnails/WY-Jk3Ubs4U.jpg,0
yBBSpeeN9t4,See Prince Harry & Meghan Markle's Son Blame Them for Making A Mess | E! News,thumbnails/yBBSpeeN9t4.jpg,0
EyRyJ37_5xE,King Charles' 'forgotten mistress' who died 'broken-hearted after he chose Camilla',thumbnails/EyRyJ37_5xE.jpg,0
HI52nXTLmb8,Prince Harry opens up: Part 1- Royal rift | Nightline,thumbnails/HI52nXTLmb8.jpg,0
RpkbKSKhXTY,Adorable moment Prince Louis asked to sit on his grandfather's knee during the Jubilee celebrations,thumbnails/RpkbKSKhXTY.jpg,0
vEqiOSYkdWY,"The SILLIEST Premier League red cards ever 🟥 | Steven Gerrard, Declan Rice & more!",thumbnails/vEqiOSYkdWY.jpg,0
SVaBrM8pRak,Eze strikes to help Palace halt Chelsea! ✋| Chelsea 1-1 Crystal Palace | Premier League Highlights,thumbnails/SVaBrM8pRak.jpg,0
h4obVdAaVgc,HIGHLIGHTS | Republic of Ireland v England | UEFA Nations League,thumbnails/h4obVdAaVgc.jpg,0
qOU2xzJiXNU,HIGHLIGHTS - Netherlands vs England | #EURO2024 | ITV Sport,thumbnails/qOU2xzJiXNU.jpg,0
4cJfxdL6llE,"""You'd be worried for the manager"" | Super Sunday panel discuss Erik ten Hag & Man Utd",thumbnails/4cJfxdL6llE.jpg,0
DgbN6uc2JaY,Prince George is very happy with his sticker on trip to Fairford - Daily Mail,thumbnails/DgbN6uc2JaY.jpg,0
Xg6sA-Z_yo4,Somebody Sign That RACCOON!,thumbnails/Xg6sA-Z_yo4.jpg,0
QgAjXE3CiG0,Isak bags winner for Magpies! 💪 | Newcastle 2-1 Tottenham | Premier League Highlights,thumbnails/QgAjXE3CiG0.jpg,0
hDNSeob7_rA,'HE'LL NEVER STOP!' 🤩 Troy Deeney HAILS Cristiano Ronaldo After Scoring 900 Career Goals | talkSPORT,thumbnails/hDNSeob7_rA.jpg,0
9KXHnqrXZhk,Watch Cristiano Ronaldo’s 900th goal from all angles!,thumbnails/9KXHnqrXZhk.jpg,0
vQxu1_FoHL4,5 minutes of Wayne Rooney being a LEGEND!| Manchester United & Everton | Premier League,thumbnails/vQxu1_FoHL4.jpg,0
Xg8TTKuSGbA,Cristiano Ronaldo honoured with special award as the UEFA Champions League All-Time Top Scorer 🐐,thumbnails/Xg8TTKuSGbA.jpg,0
_p2WyFriHNI,"""Listen to me!"" 😤 | Carra & Nev debate Man Utd & Liverpool | Gary Neville Podcast 🎙️",thumbnails/_p2WyFriHNI.jpg,0
QvbpeETBoGg,Cristiano Ronaldo Shows his Workout Routine!,thumbnails/QvbpeETBoGg.jpg,0
-klCJ_4PGRo,This Mo Salah debate has split the panel down the middle,thumbnails/-klCJ_4PGRo.jpg,0
lFBZJGSgyVQ,My Lighthouse with lyrics (Rend Collective),thumbnails/lFBZJGSgyVQ.jpg,0
Z6uuGWCUuOc,Huge wave shatters ferry window as Storm Ylenia batters Germany,thumbnails/Z6uuGWCUuOc.jpg,0
3jL6LlUL5wE,I Bought An Abandoned Lighthouse For $71K & Spent $300K Making It A Home | Unlocked,thumbnails/3jL6LlUL5wE.jpg,0
QAJoFps0OgA,Race to restore aging lighthouse in the Florida Keys,thumbnails/QAJoFps0OgA.jpg,0
Li-DOisUu-g,Overnight in the World's Scariest Lighthouse for 24 Hours,thumbnails/Li-DOisUu-g.jpg,0
uLMaR3IM-lc,How the world's media interrupted broadcasts to announce the death of Queen Elizabeth II,thumbnails/uLMaR3IM-lc.jpg,0
FOlmTg8mKPk,Town Crier announces birth of Royal baby girl,thumbnails/FOlmTg8mKPk.jpg,0
HwXFdgo_P0Q,New British Gas billing system leaves angry customers with multiple bills a day | ITV News,thumbnails/HwXFdgo_P0Q.jpg,0
JFj1tk1vMN4,Barack Obama’s fond memories of HM Queen Elizabeth II | BBC,thumbnails/JFj1tk1vMN4.jpg,0
YNsQtztDE2A,Princess of Wales Attends Wimbledon Men’s Singles Final,thumbnails/YNsQtztDE2A.jpg,0
Ie3w5uvj-Eo,Welcome to our official YouTube channel!,thumbnails/Ie3w5uvj-Eo.jpg,0
GlAjeTunopo,David Icke talks conspiracy theories - BBC News,thumbnails/GlAjeTunopo.jpg,0
5kJ9NfYwlcI,Members of the royal household aren't all human,thumbnails/5kJ9NfYwlcI.jpg,0
TRGHIN2PGIA,Christian Bale Breaks Down His Most Iconic Characters | GQ,thumbnails/TRGHIN2PGIA.jpg,0
QJyeOWZkuAI,Why Christian Bale Didn't Like Living in L.A. | Celebrity Sit Down | E! News,thumbnails/QJyeOWZkuAI.jpg,0
Hop6L1p00L0,Steven Spielberg Pitched James Cameron an idea for Aliens,thumbnails/Hop6L1p00L0.jpg,0
LEBCc-Qpilw,"'I knew Titanic submarine imploded on Monday and rescue was a 'charade', says James Cameron",thumbnails/LEBCc-Qpilw.jpg,0
CFVLd9lk4KA,"Scarlett Johansson Talks Not Wanting to go to Space, Reading Lines with Colin Jost (Extended)",thumbnails/CFVLd9lk4KA.jpg,0
8bACuhV5RPM,Amazon Alexa Super Bowl 2022 with Scarlett Johansson and Colin Jost,thumbnails/8bACuhV5RPM.jpg,0
f5d_Yz5eC60,Georgina Rodriguez Arrives At Venice Airport During The Film Festival,thumbnails/f5d_Yz5eC60.jpg,0
2kdqmzbqlVs,I am Georgina | Official Trailer | Netflix,thumbnails/2kdqmzbqlVs.jpg,0
3dLz8CrX2LY,"Joe Hart meets Rodri to talk Ballon d'Or, Euros & Manchester City | The BIG Interview | BBC Sport",thumbnails/3dLz8CrX2LY.jpg,0
S0A6jXH27yI,"""I feel refreshed & ready for more"" 😎 | Erling Haaland reacts to scoring back-to-back hat-tricks!",thumbnails/S0A6jXH27yI.jpg,0
o88is6MRXko,Erling Haaland Answers the Web's Most Searched Questions About Him | Autocomplete Challenge,thumbnails/o88is6MRXko.jpg,0
CHAcNEzQfT4,BACK-TO-BACK hat-tricks for Haaland 🤯 | West Ham 1-3 Man City | Premier League Highlights,thumbnails/CHAcNEzQfT4.jpg,0
NewuhAriR9k,"Cristiano Ronaldo's Baby Mama, Georgina Rodriguez Stuns On The Red Carpet At Venice Film Festival",thumbnails/NewuhAriR9k.jpg,0
KlvfZcUKTKE,Why Arsenal sacked Unai Emery: EXPLAINED,thumbnails/KlvfZcUKTKE.jpg,0
quGTvp_S6ns,"Unai Emery discusses Aston Villa's balance between Premier League, Champions League | NBC Sports",thumbnails/quGTvp_S6ns.jpg,0
CIRjxMDC5k8,Milton Leite | Neymar Jr 10,thumbnails/CIRjxMDC5k8.jpg,0
4RPsfu2N5VI,Teaser 1º Gol | Neymar Jr 10,thumbnails/4RPsfu2N5VI.jpg,0
2-0OMIYVUKM,Neymar Jr | NJr Week,thumbnails/2-0OMIYVUKM.jpg,0
YxGWU4JibVk,Neymar Jr | NJr Week #2,thumbnails/YxGWU4JibVk.jpg,0
KBY5k__89As,RIIZE 라이즈 'Impossible' Dance Practice,thumbnails/KBY5k__89As.jpg,0
A7tqPA-mt4s,Impossible Hill Climb Andler 2024 | World's Toughest Hill Climb Race Fails and Crashes,thumbnails/A7tqPA-mt4s.jpg,0
IrX_KZwM5ZM,Justin Bieber - Impossible ft. Selena Gomez,thumbnails/IrX_KZwM5ZM.jpg,0
XsFeMIIi5zY,World's Largest Dart Vs Car from 60m!,thumbnails/XsFeMIIi5zY.jpg,0
Wk7QDl6S7hc,2000 Golf Balls Vs. Olympic Ski Jump! Can We Get A Hole In One?,thumbnails/Wk7QDl6S7hc.jpg,0
T8Tw7XwfboA,MrBeast Giant Balloon Popping Contest,thumbnails/T8Tw7XwfboA.jpg,0
8Dps3vSSw-4,(Part 2) Ridiculousnessly Funny Clips That’ll Keep You 😂 Best Of: Ridiculousness | #AloneTogether,thumbnails/8Dps3vSSw-4.jpg,0
ShptLld81eE,Fans hurt as French football barrier collapses,thumbnails/ShptLld81eE.jpg,0
Q6Vy4fTHrR8,Police headbuts football fan,thumbnails/Q6Vy4fTHrR8.jpg,0
OWCSDTTqm3E,Ranking the most annoying football fans 🙄⚽️ | Ranked - BBC,thumbnails/OWCSDTTqm3E.jpg,0
ApPkdTNbcY8,Leo Messi vs Kobe Bryant - Legends on Board - Turkish Airlines,thumbnails/ApPkdTNbcY8.jpg,0
8Irv0hET_-o,Major general faints during news conference,thumbnails/8Irv0hET_-o.jpg,0
UFBZ_uAbxS0,Tom Cruise Scientology Video - ( Original UNCUT ),thumbnails/UFBZ_uAbxS0.jpg,0
YZK5J4PN67E,Jamie Foxx Funny Moments On The Graham Norton Show,thumbnails/YZK5J4PN67E.jpg,0
UrIphPnkHZo,Jason Momoa Calls Lisa Bonet 'My Love' During Interview,thumbnails/UrIphPnkHZo.jpg,0
OAbIYyJuFfA,Lisa Bonet on Motherhood,thumbnails/OAbIYyJuFfA.jpg,0
nrcrGIf0M98,Lisa Bonet Attends Ex Lenny Kravitz' 60th Birthday Bash With Daughter Zoe,thumbnails/nrcrGIf0M98.jpg,0
I81j1CEXfhc,Lenny Kravitz and Lisa Bonet at the Met Gala 2015 | China: Through the Looking Glass,thumbnails/I81j1CEXfhc.jpg,0
wTqpyUJxlRY,Father & Son HIDE AND SEEK 3 (Can Ryden Find Dad!?),thumbnails/wTqpyUJxlRY.jpg,0
rBQQZ30w94w,Father & Son HIDE AND SEEK 2!,thumbnails/rBQQZ30w94w.jpg,0
sBwolw5Cm9U,Father & Son HIDE AND SEEK!,thumbnails/sBwolw5Cm9U.jpg,0
BXd62mMu1UY,STORMZY - HIDE & SEEK,thumbnails/BXd62mMu1UY.jpg,0
8ToP_EnAlLU,Lady Olenna Confesses Her Crime | Game of Thrones | HBO,thumbnails/8ToP_EnAlLU.jpg,0
KPLWWIOCOOQ,Game of Thrones | Official Series Trailer (HBO),thumbnails/KPLWWIOCOOQ.jpg,0
9bI6h_9K4s0,Game of Thrones: Season 7 Episode 4: Brienne and Arya (HBO),thumbnails/9bI6h_9K4s0.jpg,0
403jzB62dAs,Game of Thrones S07E07 Daenerys Arrives at Dragon Pit With Her Dragons.,thumbnails/403jzB62dAs.jpg,0
V4PPWYCqPKo,Epic Dragon Scene Game of Thrones Season 3 Daenerys Targaryen Rise to Power (Part 1) (HD),thumbnails/V4PPWYCqPKo.jpg,0
3jAsNXXCiBg,Surviving For Months Stranded In The Atlantic Ocean | Fight To Survive | Wonder,thumbnails/3jAsNXXCiBg.jpg,0
bm1gvNQtYJQ,Tom Cruise loses patience with Aussie reporter | 60 Minutes Australia,thumbnails/bm1gvNQtYJQ.jpg,0
OBXajYNKhbA,Tom Cruise | LA28 Handover Teaser,thumbnails/OBXajYNKhbA.jpg,0
v1iZtBM23bY,Tom Cruise Terrifies James in 'Top Gun' Fighter Jet!,thumbnails/v1iZtBM23bY.jpg,0
HNwoRxZzbjM,Amber Heard Explains Her Tattoos,thumbnails/HNwoRxZzbjM.jpg,0
jqWJ7xAbPnA,Amber Heard Today FULL INTERVIEW,thumbnails/jqWJ7xAbPnA.jpg,0
gI4qHCdcaQs,Amber Heard's Attorney Objects To His Own Question,thumbnails/gI4qHCdcaQs.jpg,0
oMjPz0v5wkg,Tom Cruise Reads The Top Ten Craziest Things People Have Said About Him On The Internet | Letterman,thumbnails/oMjPz0v5wkg.jpg,0
XJgOiFkOgzo,Joe Root Scores His Fastest Test Hundred! | England v New Zealand 2022,thumbnails/XJgOiFkOgzo.jpg,0
rBNChsUJ128,"""Very proud"" | Joe Root reacts to making history with record-breaking 34th Test century",thumbnails/rBNChsUJ128.jpg,0
Utm6rywZ65U,Root smashes STUNNING 30th Test century 🔥 | Day one first Test | Ashes Highlights,thumbnails/Utm6rywZ65U.jpg,0
jzyJ2p5H_HE,Virat Kohli and Jonny Bairstow have a HEATED exchange 😳🔥,thumbnails/jzyJ2p5H_HE.jpg,0
BnvO9QFI8r8,Virat Kohli hammers bowlers in Adelaide nets,thumbnails/BnvO9QFI8r8.jpg,0
WBpVPpc-Uus,Sachin Tendulkar on Beast Mode !! Most Aggressive Batting VS NZ !!,thumbnails/WBpVPpc-Uus.jpg,0
-0jp9XK86Dw,Sachin Tendulkar troubles Pakistan in the semi-final | CWC 2011,thumbnails/-0jp9XK86Dw.jpg,0
jLThtN7BHSM,Sachin Tendulkar,thumbnails/jLThtN7BHSM.jpg,0
QdCWqUTQm-A,Sir Keir Starmer: 'NHS is broken in unforgivable ways',thumbnails/QdCWqUTQm-A.jpg,0
erbk87CRLeA,Pope Francis arrives in remote town of Vanimo in Papua New Guinea | AFP,thumbnails/erbk87CRLeA.jpg,0
9u0RjKKsPaU,Police and military secure site of deadly attack at crossing between West Bank and Jordan | AFP,thumbnails/9u0RjKKsPaU.jpg,0
-gYneEqfhuM,The King’s ‘rollercoaster year’ filled with family health challenges,thumbnails/-gYneEqfhuM.jpg,0
xVJ4DGd_ohc,Britain's 10 Days of Mourning For Queen Elizabeth II | 10 News First,thumbnails/xVJ4DGd_ohc.jpg,0
hmFQqjMF_f0,How playing sports benefits your body ... and your brain - Leah Lagos and Jaspal Ricky Singh,thumbnails/hmFQqjMF_f0.jpg,0
QHOmj2TO4mM,Talk About Sports in English - Improve Spoken English Conversation,thumbnails/QHOmj2TO4mM.jpg,0
UCoGG0qSSrQ,'They were never best friends' | Chelsea sale rumours amid co-owner relationship breakdown,thumbnails/UCoGG0qSSrQ.jpg,0
XHIu5oKTiMM,Liverpool DISMANTLE Man United at Old Trafford 🏹 | Man Utd 0-3 Liverpool | Premier League Highlights,thumbnails/XHIu5oKTiMM.jpg,0
rJBhkkzNDkQ,My Thoughts on Sports,thumbnails/rJBhkkzNDkQ.jpg,0
CISeEFTsgDA,The word Indigenous — explained l CBC Kids News,thumbnails/CISeEFTsgDA.jpg,0
YNZQ70nSycY,Artemis | The Olympians | Greek Mythology,thumbnails/YNZQ70nSycY.jpg,0
lQLzQsYH7z8,Perseas & Medusa | Greek Mythology Series (English),thumbnails/lQLzQsYH7z8.jpg,0
U_u91SjrEOE,The myth of Prometheus - Iseult Gillespie,thumbnails/U_u91SjrEOE.jpg,0
pMdJxVjZMRI,The myth of Pandora’s box - Iseult Gillespie,thumbnails/pMdJxVjZMRI.jpg,0
cHylAeteEyI,"Kelly Clarkson, Bonnie Hunt | Full Episode",thumbnails/cHylAeteEyI.jpg,0
odhUPMYXpX4,Sophia Grace's Show Stopping Performance!,thumbnails/odhUPMYXpX4.jpg,0
6-Y14rMfnMI,"""Oh Ellen, Swing!"" - Zenless Zone Zero",thumbnails/6-Y14rMfnMI.jpg,0
WcOhPXnAi04,Kevin Hart Refuses to Exercise with Pals Dwayne Johnson and Mark Wahlberg,thumbnails/WcOhPXnAi04.jpg,0
XcorLEso5J8,The Return of Sophia Grace & Rosie,thumbnails/XcorLEso5J8.jpg,0
f9573kGBtuE,Nicki Minaj Sings 'Super Bass' with Sophia Grace (Full Version),thumbnails/f9573kGBtuE.jpg,0
uxbQATBAXf8,Deadpool 2 | With Apologies to David Beckham,thumbnails/uxbQATBAXf8.jpg,0
CaFVx5sSCVE,David Beckham Tried To Stay Calm When His Daughter Was Tackled | The Graham Norton Show,thumbnails/CaFVx5sSCVE.jpg,0
JQBH1PGIVc4,So emotional! David Beckham's final minutes as a professional footballer,thumbnails/JQBH1PGIVc4.jpg,0
rniYjUoNbOU,"David Beckham on Spice Girls Reuniting for Victoria’s 50th, Messi Mania in USA & Being a Neat Freak",thumbnails/rniYjUoNbOU.jpg,0
2lvRv2mnYLU,Unbelievable David beckham 3 balls into a trash can!!,thumbnails/2lvRv2mnYLU.jpg,0
oTpTVqJX8ho,10 ICONIC David Beckham goals you'll NEVER forget,thumbnails/oTpTVqJX8ho.jpg,0
igmUnkx0fBw,David Beckham Embraces the Moment While Eating Spicy Wings | Hot Ones,thumbnails/igmUnkx0fBw.jpg,0
v6rKIGxAz7c,Jamie Foxx Interviews Denzel Washington || OFF SCRIPT a Grey Goose Production,thumbnails/v6rKIGxAz7c.jpg,0
e8D6Nhrhsxs,Jamie Foxx discusses his lyrics to 'Storm' | The Graham Norton Show - BBC,thumbnails/e8D6Nhrhsxs.jpg,0
jXGBQLSvqYQ,Jamie Foxx is the King of Impressions,thumbnails/jXGBQLSvqYQ.jpg,0
pdbeEzTwJKY,HIGHLIGHTS - England v Slovakia | #EURO2024 | ITV Sport,thumbnails/pdbeEzTwJKY.jpg,0
lqbZAYlGfKs,England 2-2 Belgium | Cold rainy Tuesday night in London 🏴󠁧󠁢󠁥󠁮󠁧󠁿 | #REDDEVILS | Friendly,thumbnails/lqbZAYlGfKs.jpg,0
ieliCUgYb3w,HIGHLIGHTS - England v Slovenia | Euro 2024,thumbnails/ieliCUgYb3w.jpg,0
1QCuCbccSiU,HIGHLIGHTS - England v Switzerland | #EURO2024 | ITV Sport,thumbnails/1QCuCbccSiU.jpg,0
vMhk-Tt1tXU,England 2-2 Belgium | Bellingham Scores Last Kick Of The Game! | Highlights,thumbnails/vMhk-Tt1tXU.jpg,0
p13ZuzsOr14,Harry Kane’s BEST Premier League goals!,thumbnails/p13ZuzsOr14.jpg,0
x9RPJgLL1zg,Jennifer Lopez Calls Marc Anthony a 'Pig'!,thumbnails/x9RPJgLL1zg.jpg,0
zjbQUM3-MBg,Ben Affleck Makes It Clear He DOES NOT Want To Talk About JLo!,thumbnails/zjbQUM3-MBg.jpg,0
-gxp_FbFl0I,Ryan Gosling Checks An Aggressive Fan That Gets On His Nerves At Good Morning America Studios In NY,thumbnails/-gxp_FbFl0I.jpg,0
vhns82LvKgE,"Jennifer Garner’s ""Quick as Possible"" Beauty Routine | Beauty Secrets | Vogue",thumbnails/vhns82LvKgE.jpg,0
hRwcYKZ2YzU,"Ben Affleck shares how he got better and moved on after struggles with alcohol, Part 1  | ABC News",thumbnails/hRwcYKZ2YzU.jpg,0
lJLtYdNeAZg,Gino Storms Off After Jasmine Confronts Him | 90 Day Fiancé: Before The 90 Days,thumbnails/lJLtYdNeAZg.jpg,0
yqD_a00kY_g,Matt Damon & Casey Affleck Have an Epic Conversation | GQ,thumbnails/yqD_a00kY_g.jpg,0
zIeCUbesx7c,Marc Anthony on his ritual before going on stage,thumbnails/zIeCUbesx7c.jpg,0
FsThr4wk-6k,Q'Viva: Marc Anthony Checks Out A Dancer In Front Of JLo,thumbnails/FsThr4wk-6k.jpg,0
xkGohExO9oc,J.Lo on Met Gala Co-Chair Duties & FAVORITE Year with Rihanna! (Exclusive),thumbnails/xkGohExO9oc.jpg,0
1aED098mH_Y,Meghan Markle & Prince Harry's Most Emotional REVELATIONS In Rare TV Interview,thumbnails/1aED098mH_Y.jpg,0
LVNAd-TmjM4,"""Glorifying Dysfunction"" - Judge Joe Brown Explains Why He Left the Democratic Party",thumbnails/LVNAd-TmjM4.jpg,0
w6Q3mHyzn78,Tiffany - I Think We're Alone Now (Official Music Video),thumbnails/w6Q3mHyzn78.jpg,0
XaFLD0Flnf8,Here & Now: Tiffany Weighs in on November Election,thumbnails/XaFLD0Flnf8.jpg,0
bpyrnAg6uVA,Nate Berkus on The Need To Have Your Own Space | Super Soul Sunday | OWN,thumbnails/bpyrnAg6uVA.jpg,0
tkgilcMbbjA,How LisaRaye Says She Lost Her Husband To Duane Martin | Uncensored,thumbnails/tkgilcMbbjA.jpg,0
MKPJLPy6N4o,Kourtney Kardashian’s Guide to Natural-ish Masking and Makeup | Beauty Secrets | Vogue,thumbnails/MKPJLPy6N4o.jpg,0
9aAb2H2IVbA,Teyana Taylor - Gonna Love Me (Remix),thumbnails/9aAb2H2IVbA.jpg,0
XUTt_nxXOwY,Teyana Taylor Gets Emotional Over Recent Acting Success & Nominations,thumbnails/XUTt_nxXOwY.jpg,0
_cdlFd5-04E,#TBT: Kanye West's 2010 Interview With Matt Lauer | TODAY,thumbnails/_cdlFd5-04E.jpg,0
sp45-dQvqPo,Kanye West Addresses Hip-Hop’s Homophobia In 2005 Interview | MTV News,thumbnails/sp45-dQvqPo.jpg,0
LJaicOI7mwg,"Kim and Kanye Quiz Each Other On Home Design, Family, and Life | Architectural Digest",thumbnails/LJaicOI7mwg.jpg,0
9wu2328g_6A,Justin Bieber | Full Interview Part 1,thumbnails/9wu2328g_6A.jpg,0
WDMOsXn5XPk,Justin Bieber | Full Interview Part 2,thumbnails/WDMOsXn5XPk.jpg,0
FpCiWjDNLjA,Matt Damon & Casey Affleck Interview Each Other | PEOPLE,thumbnails/FpCiWjDNLjA.jpg,0
yEl-9rYlB3o,Matt Damon Shares Incredible Robin Williams GOOD WILL HUNTING Story | INTERVIEW,thumbnails/yEl-9rYlB3o.jpg,0
E1n_JXSPomg,Jennifer Garner Did Laundry For Castmates Before Acting Career Took-Off,thumbnails/E1n_JXSPomg.jpg,0
rrTG_PKQIws,Tell Me More with Kelly Corrigan | Jennifer Garner | Full Episode | PBS,thumbnails/rrTG_PKQIws.jpg,0
bTvTIiX6_6U,Elon Musk says he ‘can’t wait’ to work in the Trump White House,thumbnails/bTvTIiX6_6U.jpg,0
0My8YdNHr78,Trump says he wants Elon Musk to lead proposed government efficiency commission,thumbnails/0My8YdNHr78.jpg,0
kGtHPEqmmN4,Trump proposes government efficiency commission led by Elon Musk,thumbnails/kGtHPEqmmN4.jpg,0
5rjtKMcvqwA,Dave Chappelle Updates His 'Give Trump A Chance' Statement,thumbnails/5rjtKMcvqwA.jpg,0
OVADZrhZF1E,Will Smith Can't See While Eating Spicy Wings | Hot Ones,thumbnails/OVADZrhZF1E.jpg,0
DaB_aqdDWUw,Ben Affleck & Matt Damon Reflect on Their Careers Together | Vanity Fair,thumbnails/DaB_aqdDWUw.jpg,0
-kAwVDIRg4U,Welcome to the Family Feud - Mo'Nique style!,thumbnails/-kAwVDIRg4U.jpg,0
gk-ciEQSQUM,My Name is Mo’Nique | Official Trailer | Netflix,thumbnails/gk-ciEQSQUM.jpg,0
pVbLFHReNvk,How Martin Lawrence Changed Mo'Nique's Career | The Oprah Winfrey Network | OWN,thumbnails/pVbLFHReNvk.jpg,0
slLhvr4mlUI,"Colorado coach Deion Sanders praises Travis Hunter, Shedeur Sanders in win [Full Press Conference]",thumbnails/slLhvr4mlUI.jpg,0
PmFnTrb1KRo,Charles Barkley On Michael Jordan’s Son Dating Scottie Pippen’s Ex-Wife & Talks MJ vs Scottie Feud,thumbnails/PmFnTrb1KRo.jpg,0
VMZkPe15SuE,How To Train Your Mind To Get What You Want,thumbnails/VMZkPe15SuE.jpg,0
P-0PB4cbtDc,Carpool Karaoke: The Series — Will Smith and James Corden — Apple TV app,thumbnails/P-0PB4cbtDc.jpg,0
tZNBy-BdM2A,Joaquin Phoenix on Playing Joker + Exclusive Outtake,thumbnails/tZNBy-BdM2A.jpg,0
qiiWdTz_MNc,Joaquin Phoenix wins Best Actor | 92nd Oscars (2020),thumbnails/qiiWdTz_MNc.jpg,0
z1PUP2JpKBI,Joaquin Phoenix Still Quits Gay Romance Film,thumbnails/z1PUP2JpKBI.jpg,0
81ws8ZaZkwU,Night Night: Watch Steph Curry put France to bed in slow motion | Paris Olympics | NBC Sports,thumbnails/81ws8ZaZkwU.jpg,0
Xz3EpLD_zlA,Talking Kitty Cat 35 - Sylvester's Birthday 2014,thumbnails/Xz3EpLD_zlA.jpg,0
dFlybZL1mWE,1977: Sylvester Stallone on making ROCKY | Film 77 | Classic Movie Interviews | BBC Archive,thumbnails/dFlybZL1mWE.jpg,0
CF9dFpGS7yY,Sylvester Stallone’s Daughters Say He SCARES Off Their Dates! (Exclusive),thumbnails/CF9dFpGS7yY.jpg,0
HiIpk3kSHf4,Sylvester Stallone on Carl Weathers' passing: It still chokes me up,thumbnails/HiIpk3kSHf4.jpg,0
xoUZD1UH_uY,Serial Killer with Piers Morgan | Piers Questions the Lies of Serial Killer Alex Henriquez | ITV,thumbnails/xoUZD1UH_uY.jpg,0
5wo3h2VUsz4,Piers Morgan Interviews Donald Trump | Official Teaser Trailer,thumbnails/5wo3h2VUsz4.jpg,0
puaX01Ur5oA,Vivek Ramaswamy delivers speech at RNC Day 2,thumbnails/puaX01Ur5oA.jpg,0
Xejs4gGUpjE,WATCH: Vivek Ramaswamy speaks at 2024 Republican National Convention | 2024 RNC Night 2,thumbnails/Xejs4gGUpjE.jpg,0
zy9IFt2NU28,"Mariah Carey on Making Crank Calls, All I Want For Christmas Is You & Britney Spears’ Memoir",thumbnails/zy9IFt2NU28.jpg,0
bPFR1AqtgLQ,Mariah Carey Extended Interview | The Jennifer Hudson Show,thumbnails/bPFR1AqtgLQ.jpg,0
yCdOya5knaI,Mariah Carey Takes The Colbert Questionert - Part 1,thumbnails/yCdOya5knaI.jpg,0
k4Bl4TXEm1w,"""The Matrix"" Changed My Life - Keanu Reeves Shares Fond Memories Of His Most Iconic Films",thumbnails/k4Bl4TXEm1w.jpg,0
fl0x9Swgfgw,Keanu Reeves Takes The Colbert Questionert,thumbnails/fl0x9Swgfgw.jpg,0
rOqUiXhECos,Keanu Reeves Plays With Puppies While Answering Fan Questions,thumbnails/rOqUiXhECos.jpg,0
bHyG-ecqP94,Ariana Grande's 'Wicked' Mother of Pearl Met Gala Dress | Met Gala 2024 | Vogue,thumbnails/bHyG-ecqP94.jpg,0
g4-6YCFu_T0,Jennifer Lopez GLITTERS in Gold as Met Gala 2024 Co-Chair,thumbnails/g4-6YCFu_T0.jpg,0
wo1HIH7KIlw,Jennifer Lopez Is Getting Ready to Back on Tour,thumbnails/wo1HIH7KIlw.jpg,0
z6_5ltyASKA,"Emily Ratajkowski's Vintage Versace is a ""Party in the Back"" | Met Gala 2024 With Emma Chamberlain",thumbnails/z6_5ltyASKA.jpg,0
ClQsovu57Xs,"Gigi Hadid’s Dress Took 5,000 Hours to Make | Met Gala 2024 With Emma Chamberlain",thumbnails/ClQsovu57Xs.jpg,0
IGEM-rZRD90,Kevin Hart On Waiting For The Edge To Return To Comedy,thumbnails/IGEM-rZRD90.jpg,0
5Yo-OQlJzlc,Jada Pinkett Smith ADDRESSES How Her Marriage to Will Smith Impacts Willow’s Relationships | E! News,thumbnails/5Yo-OQlJzlc.jpg,0
Y5G9m7wnGsA,Jada Pinkett Smith: A Love Letter to Complicated Women,thumbnails/Y5G9m7wnGsA.jpg,0
1ZKpQ_2TGoI,Chris Rock Reacts to Will Smith's Apology Video,thumbnails/1ZKpQ_2TGoI.jpg,0
QwiX2bRrkXg,Jada Pinkett Smith clarifies status of relationship with Will Smith,thumbnails/QwiX2bRrkXg.jpg,0
3RifdP_RIpM,"Meet Cashmere, the PAWS Chicago Pet of the Week",thumbnails/3RifdP_RIpM.jpg,0
vKYoStzwcR0,Kim Kardashian apologizes to family for the way Kanye West treated them | Page Six Celebrity News,thumbnails/vKYoStzwcR0.jpg,0
KHfP3InQc94,Inside Travis Barker's Tranquil Family Home | Open Door | Architectural Digest,thumbnails/KHfP3InQc94.jpg,0
rej2Ts_TpwQ,Kanye West Talks About the Taylor Swift Incident,thumbnails/rej2Ts_TpwQ.jpg,0
V2-wFDGTKUo,Inside Kim Kardashian's Travel Bag | In The Bag | Vogue Italia,thumbnails/V2-wFDGTKUo.jpg,0
Dt11Y3gcvjY,Kendall Jenner rivela cosa custodisce nella sua borsa | Vogue Italia,thumbnails/Dt11Y3gcvjY.jpg,0
B1QJpHKC1Jw,Khloé Kardashian's New Mom Beauty Routine | Beauty Secrets | Vogue,thumbnails/B1QJpHKC1Jw.jpg,0
s3X2vSCcDUM,"The Kardashians on Kourtney & Travis' Wedding, Kim & Pete's First Kiss & They Play ""Who Said It?""",thumbnails/s3X2vSCcDUM.jpg,0
8cWBdEowJPw,Kendall Jenner is the First Person to Wear This Givenchy Dress From 1999 | Met Gala 2024 | Vogue,thumbnails/8cWBdEowJPw.jpg,0
UnIZ_GXP5m4,Karol G is the Crystal Fairy of Met Gala | Met Gala 2024 | Vogue,thumbnails/UnIZ_GXP5m4.jpg,0
OyZpZQoV4do,Bianca Censori | Before & After | How Kanye West Transforming His New Wife Into Fashion Icon,thumbnails/OyZpZQoV4do.jpg,0
_9Z03xQ2b8c,Kanye West's 'Wife' Bianca Censori: What to Know,thumbnails/_9Z03xQ2b8c.jpg,0
DMWZnUpNhPA,Bianca Censori pairs bandeau top with low-slung neon tights for date with Kanye West,thumbnails/DMWZnUpNhPA.jpg,0
h4FnpoNU8AI,WATCH: Amber Rose speaks at 2024 Republican National Convention | 2024 RNC Night 1,thumbnails/h4FnpoNU8AI.jpg,0
xq63gZyTP7c,"Jennifer Garner and Ben Affleck’s Daughter Violet SPEAKS OUT on Her ""Post-Viral Condition"" | E! News",thumbnails/xq63gZyTP7c.jpg,0
xUY_ymL-V4w,Seraphina Affleck (Ben Affleck's Daughter) Vs Emme Muñiz (J. Lo's Daughter) Transformation ★ 2022,thumbnails/xUY_ymL-V4w.jpg,0
YQwKPgBWJ_Q,Jennifer Garner Hides Behind TALL Daughter Violet in Los Angeles,thumbnails/YQwKPgBWJ_Q.jpg,0
KnIerxYbr4Q,Alex Rodriguez Celebrates 49th Birthday With His Daughters In Italy,thumbnails/KnIerxYbr4Q.jpg,0
WIUzrqSZX9M,Alex Rodriguez w\Meredith Marakovits at OTD 2024,thumbnails/WIUzrqSZX9M.jpg,0
JiUH6LiuMPk,Prom Dates | Official Trailer | Hulu,thumbnails/JiUH6LiuMPk.jpg,0
dzY-XIdiZ8g,What does Haiden Deegan Spend his Championship Bonuses On??,thumbnails/dzY-XIdiZ8g.jpg,0
f_AyjjBAV8c,Secret Lyrics By The Pierces,thumbnails/f_AyjjBAV8c.jpg,0
_raEUMLL-ZI,Billions (2016) | Official Trailer | Paul Giamatti & Damian Lewis SHOWTIME Series,thumbnails/_raEUMLL-ZI.jpg,0
RflpBqeuf6g,TOP FIVE BEST MAGICIANS 2023 - Britain's Got Talent! These Auditions STUNNED The Judges,thumbnails/RflpBqeuf6g.jpg,0
7TtV-f_m6Qg,"VINCE STAPLES - ""MAGIC"" FEAT. MUSTARD (Visualizer)",thumbnails/7TtV-f_m6Qg.jpg,0
Mo-IUlmxOpk,The Best of Zach King Tricks - *1 HOUR* Magic Compilation,thumbnails/Mo-IUlmxOpk.jpg,0
6VWQoCNiJK4,The Complete Story and Lore of Prodigy Math Game,thumbnails/6VWQoCNiJK4.jpg,0
kOYy8iCfIJ4,Book of Judges Summary: A Complete Animated Overview,thumbnails/kOYy8iCfIJ4.jpg,0
xiB7u8-qRXE,Judge Dumbfounded When Man with Suspended License Attends Court While Driving,thumbnails/xiB7u8-qRXE.jpg,0
ksTGa6Z4gLg,Shocked Black Guy Meme Origin,thumbnails/ksTGa6Z4gLg.jpg,0
SvrjoX_2c2o,shocked sound effects,thumbnails/SvrjoX_2c2o.jpg,0
gAxotzIS7ds,Judges Lost Their Minds Because Of His Audition! SHOCKING,thumbnails/gAxotzIS7ds.jpg,0
FF6PcHQ6jHk,Trump Attorney Alina Habba Makes Shocking Personal Announcement - Even Trump Looks Shocked,thumbnails/FF6PcHQ6jHk.jpg,0
eyFKQElz25o,Who Were Donald Trump's Grandparents? | History,thumbnails/eyFKQElz25o.jpg,0
H6oDVH1L4jc,Why Did We Stop Wearing Hats?,thumbnails/H6oDVH1L4jc.jpg,0
yjmp8CoZBIo,One Direction - History (Official Video),thumbnails/yjmp8CoZBIo.jpg,0
Q4kF0lRzGnI,The Animated History of Mexico,thumbnails/Q4kF0lRzGnI.jpg,0
IN0rq5UEIuE,AMAZING Animal Impressions on America's and Britain's Got Talent!,thumbnails/IN0rq5UEIuE.jpg,0
gO_KyTtJg10,Darcy Oake's jaw-dropping dove illusions | Britain's Got Talent 2014,thumbnails/gO_KyTtJg10.jpg,0
8e0z3-iZ_TY,The Savitsky Cats: Super Trained Cats Perform Exciting Routine - America's Got Talent 2018,thumbnails/8e0z3-iZ_TY.jpg,0
_mzeHkQnQrc,DONALD TRUMP Wins Again | Full Audition | America's Got Talent 2017,thumbnails/_mzeHkQnQrc.jpg,0
bTMJwZNMXJ0,America's Got Talent 2017 Darci Lynne Farmer Ventriloquist Golden Buzzer Auditions 1,thumbnails/bTMJwZNMXJ0.jpg,0
xHxsVRM-pS8,Will the Judges bend over backwards for Bonetics? | Britain's Got Talent 2015,thumbnails/xHxsVRM-pS8.jpg,0
1Xt9MXXTtgo,Maria Movie Clip - Pablo Larrain/Angelina Jolie (2024),thumbnails/1Xt9MXXTtgo.jpg,0
96kZPzCUa5Y,Angelina Jolie Tears Up During Venice Film Festival Standing Ovation,thumbnails/96kZPzCUa5Y.jpg,0
VYWZVm6LjMI,Angelina Jolie and kids behind the scene of Maleficent,thumbnails/VYWZVm6LjMI.jpg,0
s0KtWNhB1Fk,Eternal Stare Off | Marvel Studios’ Eternals,thumbnails/s0KtWNhB1Fk.jpg,0
H41fuhz_gvw,Wave & Particles Background Video - Futuristic,thumbnails/H41fuhz_gvw.jpg,0
0iIPe9XrpcM,This is the Apple iPhone 16,thumbnails/0iIPe9XrpcM.jpg,0
_P-y0rKMp9M,'Maleficent: Mistress of Evil' Bloopers! (Exclusive),thumbnails/_P-y0rKMp9M.jpg,0
VDJlWuxMnjg,Introducing iPhone 16 | Apple | (Concept Trailer),thumbnails/VDJlWuxMnjg.jpg,0
BFvsKSeeahc,The Joker SCARES The Judges With TERRIFYING Magic Trick | AGT,thumbnails/BFvsKSeeahc.jpg,0
0S6vQgQhJt0,PSYCHIC Girl SHOCKS The Judges on America's Got Talent: Fantasy Team! 🔮,thumbnails/0S6vQgQhJt0.jpg,0
k_rNaqV8B1c,"""I Was Made In China"" - Funniest EVER AGT Audition?! | Australia's Got Talent 2022",thumbnails/k_rNaqV8B1c.jpg,0
CSOQ_KizIP8,"Peter Griffin, Elmo & More Sing Wrecking Ball On Britain's Got Talent",thumbnails/CSOQ_KizIP8.jpg,0
XCIkeoO5re4,Celine Tam: Wonder Girl Wants To Be Next Celine Dion on America’s Got Talent,thumbnails/XCIkeoO5re4.jpg,0
rp0cG2KP_lA,Best of: Pete Davidson Stand-Up Comedy | Netflix Is A Joke,thumbnails/rp0cG2KP_lA.jpg,0
oZlYPyJuMM8,Pete Davidson's Best Roast Comebacks 🔥,thumbnails/oZlYPyJuMM8.jpg,0
fF6gExZu-2M,Chad Horror Movie - SNL,thumbnails/fF6gExZu-2M.jpg,0
_mDmGaaPhTQ,When All You Can Do Is The Squid Game (Feat. Rami Malek) | SNL 47,thumbnails/_mDmGaaPhTQ.jpg,0
gGhO1gaz-bU,RATING ELF MAKEUP! *What Products Are Worth It?*,thumbnails/gGhO1gaz-bU.jpg,0
MdLcP8dJls4,Ariana Grande's Skin Care Routine & Guide to a ‘60s Cat Eye | Beauty Secrets | Vogue,thumbnails/MdLcP8dJls4.jpg,0
2ZLmRi64a-U,"Exposing ""Makeup For Men""",thumbnails/2ZLmRi64a-U.jpg,0
JPUbSvsxjsY,‘Clean Girl’ Makeup Tutorial & Hydrated Skincare Routine,thumbnails/JPUbSvsxjsY.jpg,0
nRS7Mf1QaZ0,My Favorite Drugstore Makeup Under $10!,thumbnails/nRS7Mf1QaZ0.jpg,0
jxMYcIZstCk,Eating Competition | Mr. Bean Official,thumbnails/jxMYcIZstCk.jpg,0
hTkdr-GwQu0,Fowler takes on the robbers | The Thin Blue Line,thumbnails/hTkdr-GwQu0.jpg,0
qmmmQpkUyFo,Mr Bean The Animated Series Intro (Original & Revival),thumbnails/qmmmQpkUyFo.jpg,0
d41A2ENfqjw,Hair Growth Time-lapse - 2 Years,thumbnails/d41A2ENfqjw.jpg,0
y4vO9EVKZoM,ROSEMARY WATER FOR HAIR GROWTH | DIY Rosemary Water Recipe & How To Use It,thumbnails/y4vO9EVKZoM.jpg,0
XGYT6RaFX6w,ONION JUICE FOR EXTREME HAIR GROWTH! Stop Hair loss & Grow Long Hair,thumbnails/XGYT6RaFX6w.jpg,0
ZU8Xl04-ZIE,my hair care routine for healthy hair,thumbnails/ZU8Xl04-ZIE.jpg,0
vFZG8oWA2vw,"Eclectic, Cottagecore Living Room Makeover!",thumbnails/vFZG8oWA2vw.jpg,0
wb6zZfakPJ0,Cillian Murphy: The 60 Minutes Interview,thumbnails/wb6zZfakPJ0.jpg,0
Ila2XMCBF3Q,Oscars 2024: Cillian Murphy accepts Academy Award for Best Actor in 'Oppenheimer',thumbnails/Ila2XMCBF3Q.jpg,0
2_S8-0UfkUA,"Cillian Murphy, Emily Blunt & Robert Downey Jr on Making Oppenheimer, Oscar Nominations & Matt Damon",thumbnails/2_S8-0UfkUA.jpg,0
6l71Q-zgelg,Princess Diana's Last Official Appearance (1997),thumbnails/6l71Q-zgelg.jpg,0
MkkLOLXLLpY,The Life of Princess Diana,thumbnails/MkkLOLXLLpY.jpg,0
LXY_HIU9CwQ,Michael Jackson meets Princess Diana & Prince Charles,thumbnails/LXY_HIU9CwQ.jpg,0
ExFOYMV0Oj0,Princess Diana | Panorama Interview,thumbnails/ExFOYMV0Oj0.jpg,0
BKX6EhDrgqQ,The $2.1 Billion McDonald's Machine,thumbnails/BKX6EhDrgqQ.jpg,0
ckbfS99N6jY,"McDonald's opens in hungry Moscow, but costs half-a-day's wages for lunch, 1990",thumbnails/ckbfS99N6jY.jpg,0
phY1-45WlXU,iPhone 11 Introduction Trailer Official Video,thumbnails/phY1-45WlXU.jpg,0
YSLk4WziVmM,Chimpanzees Dig for Their Dinner | 4K UHD | Mammals | BBC Earth,thumbnails/YSLk4WziVmM.jpg,0
k5tLrVAYeVw,"Woman facing dozens of charges after animals seized from home, deputies say",thumbnails/k5tLrVAYeVw.jpg,0
ozq45cJv7XI,Judges Cry Over Emotional Dog Magic Act on Britain's Got Talent 2020 | Magician's Got Talent,thumbnails/ozq45cJv7XI.jpg,0
jmhLmUc6WVI,Matthew McConaughey breaks down Texas' first half domination over Wolverines | Big Noon Kickoff,thumbnails/jmhLmUc6WVI.jpg,0
wD2cVhC-63I,Matthew McConaughey winning Best Actor | 86th Oscars (2014),thumbnails/wD2cVhC-63I.jpg,0
BJG2xmvl8Bs,Matthew McConaughey and Camila Alves McConaughey On What It Means To Be Southern,thumbnails/BJG2xmvl8Bs.jpg,0
4CcBKY1eCTM,Why Plastic Surgery Is On The Rise,thumbnails/4CcBKY1eCTM.jpg,0
wp4YZdSz2aA,Plastic Surgery: The Cost of Beauty | 101 East,thumbnails/wp4YZdSz2aA.jpg,0
ZSAoETxubSI,Behind the plastic surgery boom in South Korea,thumbnails/ZSAoETxubSI.jpg,0
q_2v0drKUCc,MY MOST REQUESTED MAKEUP TUTORIAL,thumbnails/q_2v0drKUCc.jpg,0
_3MbDncHpfo,Lillianna is a POWERHOUSE of drama! | Auditions | BGT 2023,thumbnails/_3MbDncHpfo.jpg,0
jGO5lFxQPHA,urbancrew From The Philippines Bring The Pinoy Power To America! 🇵🇭,thumbnails/jGO5lFxQPHA.jpg,0
6Q0AazVu1Tc,Donchez bags a GOLDEN BUZZER with his Wiggle and Wine! | Auditions | BGT 2018,thumbnails/6Q0AazVu1Tc.jpg,0
05oEeCtmNeo,｜ADOPTED｜Kerry  狗互動,thumbnails/05oEeCtmNeo.jpg,0
ajavsMbCapY,"The Electoral College, explained",thumbnails/ajavsMbCapY.jpg,0
LY8L6C7tsx8,How the US election works - BBC News,thumbnails/LY8L6C7tsx8.jpg,0
W3QtP1hLBcQ,US election: Is Trump or Harris leading in the polls? | BBC News,thumbnails/W3QtP1hLBcQ.jpg,0
CPU1P38nTkY,Seven swing states set to decide the 2024 US election | BBC News,thumbnails/CPU1P38nTkY.jpg,0
